Date,Open,High,Low,Close,Adj Close,Volume
2017-01-03 00:00:00-05:00,28.950000762939453,29.082500457763672,28.690000534057617,29.037500381469727,27.133323669433594,115127600
2017-01-04 00:00:00-05:00,28.962499618530273,29.127500534057617,28.9375,29.0049991607666,27.10296058654785,84472400
2017-01-05 00:00:00-05:00,28.979999542236328,29.21500015258789,28.952499389648438,29.15250015258789,27.240787506103516,88774400
2017-01-06 00:00:00-05:00,29.19499969482422,29.540000915527344,29.11750030517578,29.477500915527344,27.54447364807129,127007600
2017-01-09 00:00:00-05:00,29.487499237060547,29.857500076293945,29.485000610351562,29.747499465942383,27.796764373779297,134247600
2017-01-10 00:00:00-05:00,29.6924991607666,29.844999313354492,29.575000762939453,29.77750015258789,27.824798583984375,97848400
2017-01-11 00:00:00-05:00,29.684999465942383,29.982500076293945,29.649999618530273,29.9375,27.974306106567383,110354400
2017-01-12 00:00:00-05:00,29.725000381469727,29.825000762939453,29.552499771118164,29.8125,27.857507705688477,108344800
2017-01-13 00:00:00-05:00,29.77750015258789,29.905000686645508,29.702499389648438,29.760000228881836,27.808446884155273,104447600
2017-01-17 00:00:00-05:00,29.584999084472656,30.059999465942383,29.55500030517578,30.0,28.03270721435547,137759200
2017-01-18 00:00:00-05:00,30.0,30.125,29.927499771118164,29.997499465942383,28.030378341674805,94852000
2017-01-19 00:00:00-05:00,29.850000381469727,30.022499084472656,29.842500686645508,29.94499969482422,27.981321334838867,102389200
2017-01-20 00:00:00-05:00,30.112499237060547,30.112499237060547,29.9325008392334,30.0,28.03270721435547,130391600
2017-01-23 00:00:00-05:00,30.0,30.202499389648438,29.9424991607666,30.020000457763672,28.05139923095703,88200800
2017-01-24 00:00:00-05:00,29.887500762939453,30.024999618530273,29.875,29.99250030517578,28.02570343017578,92844000
2017-01-25 00:00:00-05:00,30.104999542236328,30.524999618530273,30.06999969482422,30.469999313354492,28.47188949584961,129510400
2017-01-26 00:00:00-05:00,30.417499542236328,30.610000610351562,30.399999618530273,30.485000610351562,28.485904693603516,105350400
2017-01-27 00:00:00-05:00,30.53499984741211,30.587499618530273,30.399999618530273,30.487499237060547,28.488245010375977,82251600
2017-01-30 00:00:00-05:00,30.232500076293945,30.407499313354492,30.165000915527344,30.407499313354492,28.41348648071289,121510000
2017-01-31 00:00:00-05:00,30.287500381469727,30.34749984741211,30.155000686645508,30.337499618530273,28.34807586669922,196804000
2017-02-01 00:00:00-05:00,31.75749969482422,32.622501373291016,31.752500534057617,32.1875,30.076759338378906,447940000
2017-02-02 00:00:00-05:00,31.9950008392334,32.34749984741211,31.94499969482422,32.13249969482422,30.025367736816406,134841600
2017-02-03 00:00:00-05:00,32.07749938964844,32.29750061035156,32.040000915527344,32.27000045776367,30.153850555419922,98029200
2017-02-06 00:00:00-05:00,32.282501220703125,32.625,32.224998474121094,32.5724983215332,30.436513900756836,107383600
2017-02-07 00:00:00-05:00,32.6349983215332,33.022499084472656,32.61249923706055,32.88249969482422,30.726184844970703,152735200
2017-02-08 00:00:00-05:00,32.837501525878906,33.05500030517578,32.80500030517578,33.0099983215332,30.845321655273438,92016400
2017-02-09 00:00:00-05:00,32.912498474121094,33.11249923706055,32.779998779296875,33.10499954223633,31.06821632385254,113399600
2017-02-10 00:00:00-05:00,33.1150016784668,33.23500061035156,33.01250076293945,33.029998779296875,30.99782371520996,80262000
2017-02-13 00:00:00-05:00,33.27000045776367,33.45500183105469,33.1875,33.3224983215332,31.272329330444336,92141600
2017-02-14 00:00:00-05:00,33.36750030517578,33.772499084472656,33.3125,33.755001068115234,31.678220748901367,132904800
2017-02-15 00:00:00-05:00,33.880001068115234,34.067501068115234,33.654998779296875,33.877498626708984,31.793182373046875,142492400
2017-02-16 00:00:00-05:00,33.91749954223633,33.974998474121094,33.709999084472656,33.837501525878906,31.755643844604492,90338400
2017-02-17 00:00:00-05:00,33.775001525878906,33.95750045776367,33.775001525878906,33.93000030517578,31.842456817626953,88792800
2017-02-21 00:00:00-05:00,34.057498931884766,34.1875,33.994998931884766,34.17499923706055,32.07238006591797,98028800
2017-02-22 00:00:00-05:00,34.10749816894531,34.279998779296875,34.02750015258789,34.27750015258789,32.16857147216797,83347600
2017-02-23 00:00:00-05:00,34.345001220703125,34.369998931884766,34.07500076293945,34.13249969482422,32.0324821472168,83152800
2017-02-24 00:00:00-05:00,33.977500915527344,34.165000915527344,33.81999969482422,34.165000915527344,32.06300354003906,87106400
2017-02-27 00:00:00-05:00,34.28499984741211,34.36000061035156,34.06999969482422,34.23249816894531,32.1263427734375,81029600
2017-02-28 00:00:00-05:00,34.27000045776367,34.36000061035156,34.17499923706055,34.247501373291016,32.14042282104492,93931600
2017-03-01 00:00:00-05:00,34.47249984741211,35.037498474121094,34.400001525878906,34.9474983215332,32.79734420776367,145658400
2017-03-02 00:00:00-05:00,35.0,35.06999969482422,34.689998626708984,34.7400016784668,32.60261535644531,104844000
2017-03-03 00:00:00-05:00,34.69499969482422,34.95750045776367,34.647499084472656,34.94499969482422,32.795005798339844,84432400
2017-03-06 00:00:00-05:00,34.842498779296875,34.942501068115234,34.650001525878906,34.834999084472656,32.691768646240234,87000000
2017-03-07 00:00:00-05:00,34.76499938964844,34.994998931884766,34.6974983215332,34.880001068115234,32.7340087890625,69785200
2017-03-08 00:00:00-05:00,34.73749923706055,34.95000076293945,34.70500183105469,34.75,32.61199951171875,74828800
2017-03-09 00:00:00-05:00,34.685001373291016,34.6974983215332,34.26250076293945,34.66999816894531,32.536922454833984,88623600
2017-03-10 00:00:00-05:00,34.8125,34.84000015258789,34.65999984741211,34.78499984741211,32.64484786987305,78451200
2017-03-13 00:00:00-04:00,34.712501525878906,34.85749816894531,34.70500183105469,34.79999923706055,32.65892791748047,69686800
2017-03-14 00:00:00-04:00,34.82500076293945,34.912498474121094,34.709999084472656,34.747501373291016,32.60966491699219,61236400
2017-03-15 00:00:00-04:00,34.852500915527344,35.1875,34.75749969482422,35.1150016784668,32.954551696777344,102767200
2017-03-16 00:00:00-04:00,35.18000030517578,35.255001068115234,35.064998626708984,35.17250061035156,33.008514404296875,76928000
2017-03-17 00:00:00-04:00,35.25,35.25,34.97249984741211,34.997501373291016,32.844276428222656,175540000
2017-03-20 00:00:00-04:00,35.099998474121094,35.375,35.057498931884766,35.3650016784668,33.18915939331055,86168000
2017-03-21 00:00:00-04:00,35.52750015258789,35.70000076293945,34.932498931884766,34.959999084472656,32.809085845947266,158119600
2017-03-22 00:00:00-04:00,34.962501525878906,35.400001525878906,34.939998626708984,35.35499954223633,33.17978286743164,103440800
2017-03-23 00:00:00-04:00,35.314998626708984,35.39500045776367,35.15250015258789,35.22999954223633,33.062477111816406,81385200
2017-03-24 00:00:00-04:00,35.375,35.435001373291016,35.087501525878906,35.15999984741211,32.99677658081055,89582400
2017-03-27 00:00:00-04:00,34.84749984741211,35.30500030517578,34.654998779296875,35.220001220703125,33.05309295654297,94300400
2017-03-28 00:00:00-04:00,35.227500915527344,36.0099983215332,35.154998779296875,35.95000076293945,33.7381591796875,133499200
2017-03-29 00:00:00-04:00,35.91999816894531,36.122501373291016,35.79750061035156,36.029998779296875,33.8132438659668,116760000
2017-03-30 00:00:00-04:00,36.04750061035156,36.125,35.875,35.98249816894531,33.768672943115234,84829200
2017-03-31 00:00:00-04:00,35.93000030517578,36.067501068115234,35.752498626708984,35.915000915527344,33.705326080322266,78646800
2017-04-03 00:00:00-04:00,35.9275016784668,36.029998779296875,35.76250076293945,35.92499923706055,33.71471405029297,79942800
2017-04-04 00:00:00-04:00,35.8125,36.22249984741211,35.79249954223633,36.192501068115234,33.965763092041016,79565600
2017-04-05 00:00:00-04:00,36.05500030517578,36.3650016784668,35.95249938964844,36.005001068115234,33.789791107177734,110871600
2017-04-06 00:00:00-04:00,36.0724983215332,36.130001068115234,35.86249923706055,35.915000915527344,33.705326080322266,84596000
2017-04-07 00:00:00-04:00,35.932498931884766,36.04499816894531,35.817501068115234,35.834999084472656,33.630245208740234,66688800
2017-04-10 00:00:00-04:00,35.900001525878906,35.970001220703125,35.724998474121094,35.79249954223633,33.590362548828125,75733600
2017-04-11 00:00:00-04:00,35.73500061035156,35.837501525878906,35.01499938964844,35.407501220703125,33.22904586791992,121517600
2017-04-12 00:00:00-04:00,35.400001525878906,35.537498474121094,35.252498626708984,35.45000076293945,33.26893615722656,81400000
2017-04-13 00:00:00-04:00,35.477500915527344,35.595001220703125,35.26250076293945,35.26250076293945,33.09296798706055,71291600
2017-04-17 00:00:00-04:00,35.369998931884766,35.470001220703125,35.217498779296875,35.45750045776367,33.275970458984375,66328400
2017-04-18 00:00:00-04:00,35.352500915527344,35.5099983215332,35.27750015258789,35.29999923706055,33.12815856933594,58790000
2017-04-19 00:00:00-04:00,35.470001220703125,35.5,35.11249923706055,35.16999816894531,33.00616455078125,69313600
2017-04-20 00:00:00-04:00,35.30500030517578,35.72999954223633,35.290000915527344,35.61000061035156,33.41910171508789,93278400
2017-04-21 00:00:00-04:00,35.61000061035156,35.66999816894531,35.462501525878906,35.567501068115234,33.379207611083984,69283600
2017-04-24 00:00:00-04:00,35.875,35.98749923706055,35.79499816894531,35.90999984741211,33.70063018798828,68537200
2017-04-25 00:00:00-04:00,35.977500915527344,36.224998474121094,35.967498779296875,36.13249969482422,33.90945053100586,75486000
2017-04-26 00:00:00-04:00,36.11750030517578,36.150001525878906,35.845001220703125,35.91999816894531,33.71001434326172,80164800
2017-04-27 00:00:00-04:00,35.97999954223633,36.040000915527344,35.82749938964844,35.9474983215332,33.73582077026367,56985200
2017-04-28 00:00:00-04:00,36.022499084472656,36.07500076293945,35.817501068115234,35.912498474121094,33.702972412109375,83441600
2017-05-01 00:00:00-04:00,36.275001525878906,36.79999923706055,36.2400016784668,36.64500045776367,34.39041519165039,134411600
2017-05-02 00:00:00-04:00,36.8849983215332,37.022499084472656,36.709999084472656,36.877498626708984,34.60860824584961,181408800
2017-05-03 00:00:00-04:00,36.397499084472656,36.872501373291016,36.067501068115234,36.76499938964844,34.503021240234375,182788000
2017-05-04 00:00:00-04:00,36.630001068115234,36.78499984741211,36.45249938964844,36.63249969482422,34.37867736816406,93487600
2017-05-05 00:00:00-04:00,36.689998626708984,37.244998931884766,36.689998626708984,37.2400016784668,34.94880294799805,109310800
2017-05-08 00:00:00-04:00,37.25749969482422,38.42499923706055,37.25749969482422,38.252498626708984,35.89900588989258,195009600
2017-05-09 00:00:00-04:00,38.467498779296875,38.720001220703125,38.36249923706055,38.497501373291016,36.128944396972656,156521600
2017-05-10 00:00:00-04:00,38.407501220703125,38.48500061035156,38.02750015258789,38.314998626708984,35.957664489746094,103222800
2017-05-11 00:00:00-04:00,38.11249923706055,38.51750183105469,38.07749938964844,38.48749923706055,36.26864242553711,109020400
2017-05-12 00:00:00-04:00,38.67499923706055,39.10499954223633,38.66749954223633,39.025001525878906,36.77515411376953,130108000
2017-05-15 00:00:00-04:00,39.002498626708984,39.162498474121094,38.76250076293945,38.92499923706055,36.6809196472168,104038800
2017-05-16 00:00:00-04:00,38.98500061035156,39.01499938964844,38.68000030517578,38.86750030517578,36.626739501953125,80194000
2017-05-17 00:00:00-04:00,38.400001525878906,38.64250183105469,37.4275016784668,37.5625,35.396968841552734,203070800
2017-05-18 00:00:00-04:00,37.817501068115234,38.334999084472656,37.782501220703125,38.1349983215332,35.93646240234375,134272800
2017-05-19 00:00:00-04:00,38.345001220703125,38.494998931884766,38.157501220703125,38.26499938964844,36.058963775634766,107843200
2017-05-22 00:00:00-04:00,38.5,38.64500045776367,38.227500915527344,38.497501373291016,36.27806091308594,91865600
2017-05-23 00:00:00-04:00,38.724998474121094,38.724998474121094,38.32749938964844,38.45000076293945,36.233306884765625,79675600
2017-05-24 00:00:00-04:00,38.459999084472656,38.54249954223633,38.16749954223633,38.334999084472656,36.12492752075195,76712000
2017-05-25 00:00:00-04:00,38.432498931884766,38.587501525878906,38.25749969482422,38.467498779296875,36.249794006347656,76942400
2017-05-26 00:00:00-04:00,38.5,38.560001373291016,38.32749938964844,38.40250015258789,36.18853759765625,87710400
2017-05-30 00:00:00-04:00,38.35499954223633,38.60749816894531,38.33250045776367,38.41749954223633,36.20267868041992,80507600
2017-05-31 00:00:00-04:00,38.49250030517578,38.54249954223633,38.095001220703125,38.189998626708984,35.98829650878906,97804800
2017-06-01 00:00:00-04:00,38.29249954223633,38.33250045776367,38.05500030517578,38.29499816894531,36.08723831176758,65616400
2017-06-02 00:00:00-04:00,38.39500045776367,38.86249923706055,38.22249984741211,38.86249923706055,36.62202835083008,111082800
2017-06-05 00:00:00-04:00,38.584999084472656,38.61249923706055,38.3650016784668,38.48249816894531,36.26392364501953,101326800
2017-06-06 00:00:00-04:00,38.474998474121094,38.95249938964844,38.44499969482422,38.61249923706055,36.386436462402344,106499600
2017-06-07 00:00:00-04:00,38.755001068115234,38.994998931884766,38.619998931884766,38.842498779296875,36.60317611694336,84278400
2017-06-08 00:00:00-04:00,38.8125,38.8849983215332,38.599998474121094,38.747501373291016,36.51365280151367,85003200
2017-06-09 00:00:00-04:00,38.79750061035156,38.79750061035156,36.505001068115234,37.244998931884766,35.097782135009766,259530800
2017-06-12 00:00:00-04:00,36.435001373291016,36.522499084472656,35.627498626708984,36.35499954223633,34.25908279418945,289229200
2017-06-13 00:00:00-04:00,36.790000915527344,36.86249923706055,36.287498474121094,36.647499084472656,34.53471755981445,136661600
2017-06-14 00:00:00-04:00,36.875,36.875,35.959999084472656,36.290000915527344,34.19783401489258,126124800
2017-06-15 00:00:00-04:00,35.83000183105469,36.119998931884766,35.5525016784668,36.0724983215332,33.99286651611328,128661600
2017-06-16 00:00:00-04:00,35.94499969482422,36.125,35.54999923706055,35.567501068115234,33.51698684692383,201444400
2017-06-19 00:00:00-04:00,35.915000915527344,36.685001373291016,35.915000915527344,36.584999084472656,34.475830078125,130165600
2017-06-20 00:00:00-04:00,36.717498779296875,36.717498779296875,36.23500061035156,36.252498626708984,34.16249465942383,99600400
2017-06-21 00:00:00-04:00,36.380001068115234,36.51750183105469,36.15250015258789,36.467498779296875,34.36509323120117,85063200
2017-06-22 00:00:00-04:00,36.442501068115234,36.67499923706055,36.279998779296875,36.407501220703125,34.30854797363281,76425200
2017-06-23 00:00:00-04:00,36.282501220703125,36.790000915527344,36.27750015258789,36.56999969482422,34.4616813659668,141757600
2017-06-26 00:00:00-04:00,36.79249954223633,37.06999969482422,36.345001220703125,36.45500183105469,34.35331726074219,102769600
2017-06-27 00:00:00-04:00,36.252498626708984,36.540000915527344,35.904998779296875,35.932498931884766,33.860939025878906,99047600
2017-06-28 00:00:00-04:00,36.122501373291016,36.52750015258789,35.790000915527344,36.45750045776367,34.355674743652344,88329600
2017-06-29 00:00:00-04:00,36.1775016784668,36.282501220703125,35.56999969482422,35.91999816894531,33.849159240722656,125997600
2017-06-30 00:00:00-04:00,36.11249923706055,36.2400016784668,35.94499969482422,36.005001068115234,33.929264068603516,92096400
2017-07-03 00:00:00-04:00,36.220001220703125,36.32500076293945,35.775001525878906,35.875,33.806766510009766,57111200
2017-07-05 00:00:00-04:00,35.92250061035156,36.1974983215332,35.68000030517578,36.022499084472656,33.94575119018555,86278400
2017-07-06 00:00:00-04:00,35.755001068115234,35.875,35.602500915527344,35.682498931884766,33.62535095214844,96515200
2017-07-07 00:00:00-04:00,35.724998474121094,36.1875,35.724998474121094,36.04499816894531,33.96694564819336,76806800
2017-07-10 00:00:00-04:00,36.02750015258789,36.48749923706055,35.842498779296875,36.26499938964844,34.17427062988281,84362400
2017-07-11 00:00:00-04:00,36.182498931884766,36.462501525878906,36.095001220703125,36.38249969482422,34.28500747680664,79127200
2017-07-12 00:00:00-04:00,36.467498779296875,36.54499816894531,36.20500183105469,36.435001373291016,34.3344612121582,99538000
2017-07-13 00:00:00-04:00,36.375,37.122501373291016,36.36000061035156,36.942501068115234,34.812705993652344,100797600
2017-07-14 00:00:00-04:00,36.99250030517578,37.33250045776367,36.83250045776367,37.2599983215332,35.111907958984375,80528400
2017-07-17 00:00:00-04:00,37.20500183105469,37.724998474121094,37.14250183105469,37.38999938964844,35.234413146972656,95174000
2017-07-18 00:00:00-04:00,37.29999923706055,37.532501220703125,37.16749954223633,37.52000045776367,35.3569221496582,71475200
2017-07-19 00:00:00-04:00,37.619998931884766,37.85499954223633,37.48749923706055,37.755001068115234,35.578365325927734,83692000
2017-07-20 00:00:00-04:00,37.875,37.935001373291016,37.54750061035156,37.584999084472656,35.418174743652344,68974800
2017-07-21 00:00:00-04:00,37.497501373291016,37.61000061035156,37.220001220703125,37.567501068115234,35.401676177978516,105010400
2017-07-24 00:00:00-04:00,37.64500045776367,38.11000061035156,37.474998474121094,38.022499084472656,35.830448150634766,85972800
2017-07-25 00:00:00-04:00,37.95000076293945,38.459999084472656,37.95000076293945,38.185001373291016,35.983585357666016,75415600
2017-07-26 00:00:00-04:00,38.337501525878906,38.48249816894531,38.26499938964844,38.3650016784668,36.1531982421875,63124000
2017-07-27 00:00:00-04:00,38.4375,38.497501373291016,36.82500076293945,37.63999938964844,35.46998977661133,129905200
2017-07-28 00:00:00-04:00,37.47249984741211,37.557498931884766,37.29750061035156,37.375,35.220272064208984,68854800
2017-07-31 00:00:00-04:00,37.474998474121094,37.58250045776367,37.032501220703125,37.182498931884766,35.03887176513672,79383600
2017-08-01 00:00:00-04:00,37.275001525878906,37.55500030517578,37.102500915527344,37.51250076293945,35.349853515625,141474400
2017-08-02 00:00:00-04:00,39.81999969482422,39.9375,39.040000915527344,39.28499984741211,37.020164489746094,279747200
2017-08-03 00:00:00-04:00,39.26250076293945,39.3025016784668,38.755001068115234,38.89250183105469,36.65029525756836,108389200
2017-08-04 00:00:00-04:00,39.01750183105469,39.349998474121094,38.92250061035156,39.09749984741211,36.843475341796875,82239600
2017-08-07 00:00:00-04:00,39.26499938964844,39.72999954223633,39.16749954223633,39.70249938964844,37.41358947753906,87481200
2017-08-08 00:00:00-04:00,39.650001525878906,40.45750045776367,39.567501068115234,40.02000045776367,37.71278762817383,144823600
2017-08-09 00:00:00-04:00,39.814998626708984,40.317501068115234,39.77750015258789,40.26499938964844,37.94366455078125,104526000
2017-08-10 00:00:00-04:00,39.974998474121094,40.0,38.657501220703125,38.83000183105469,36.73509216308594,163217200
2017-08-11 00:00:00-04:00,39.150001525878906,39.64250183105469,39.01750183105469,39.369998931884766,37.245941162109375,105028400
2017-08-14 00:00:00-04:00,39.83000183105469,40.0525016784668,39.6875,39.962501525878906,37.806488037109375,88490800
2017-08-15 00:00:00-04:00,40.165000915527344,40.54999923706055,40.03499984741211,40.400001525878906,38.22039031982422,117862000
2017-08-16 00:00:00-04:00,40.48500061035156,40.627498626708984,40.037498474121094,40.23749923706055,38.06664276123047,110686400
2017-08-17 00:00:00-04:00,40.130001068115234,40.1775016784668,39.459999084472656,39.46500015258789,37.33583068847656,111762400
2017-08-18 00:00:00-04:00,39.46500015258789,39.875,39.18000030517578,39.375,37.25068664550781,109712400
2017-08-21 00:00:00-04:00,39.375,39.47249984741211,38.77750015258789,39.3025016784668,37.182098388671875,105474000
2017-08-22 00:00:00-04:00,39.557498931884766,40.0,39.505001068115234,39.94499969482422,37.78993606567383,86418400
2017-08-23 00:00:00-04:00,39.76750183105469,40.11750030517578,39.720001220703125,39.994998931884766,37.83723831176758,77596400
2017-08-24 00:00:00-04:00,40.10749816894531,40.185001373291016,39.63750076293945,39.817501068115234,37.669307708740234,79275600
2017-08-25 00:00:00-04:00,39.912498474121094,40.13999938964844,39.817501068115234,39.96500015258789,37.80884552001953,101920400
2017-08-28 00:00:00-04:00,40.03499984741211,40.5,39.98249816894531,40.36750030517578,38.18963623046875,103864000
2017-08-29 00:00:00-04:00,40.025001525878906,40.779998779296875,40.0,40.727500915527344,38.53022384643555,118067600
2017-08-30 00:00:00-04:00,40.95000076293945,40.97249984741211,40.65250015258789,40.837501525878906,38.634281158447266,109078400
2017-08-31 00:00:00-04:00,40.90999984741211,41.130001068115234,40.869998931884766,41.0,38.78800964355469,107140400
2017-09-01 00:00:00-04:00,41.20000076293945,41.23500061035156,40.907501220703125,41.01250076293945,38.79983139038086,66364400
2017-09-05 00:00:00-04:00,40.9375,41.0625,40.13999938964844,40.52000045776367,38.33390808105469,117874000
2017-09-06 00:00:00-04:00,40.6775016784668,40.747501373291016,40.130001068115234,40.477500915527344,38.29370880126953,86606800
2017-09-07 00:00:00-04:00,40.522499084472656,40.560001373291016,40.09000015258789,40.314998626708984,38.13997268676758,87714000
2017-09-08 00:00:00-04:00,40.21500015258789,40.287498474121094,39.63249969482422,39.657501220703125,37.517940521240234,114446000
2017-09-11 00:00:00-04:00,40.125,40.51250076293945,39.97249984741211,40.375,38.19674301147461,126323200
2017-09-12 00:00:00-04:00,40.65250015258789,40.9900016784668,39.692501068115234,40.21500015258789,38.045372009277344,286856000
2017-09-13 00:00:00-04:00,39.967498779296875,39.9900016784668,39.477500915527344,39.912498474121094,37.75918960571289,179629600
2017-09-14 00:00:00-04:00,39.747501373291016,39.849998474121094,39.522499084472656,39.56999969482422,37.4351692199707,95042800
2017-09-15 00:00:00-04:00,39.61750030517578,40.24250030517578,39.5,39.970001220703125,37.813575744628906,196458400
2017-09-18 00:00:00-04:00,40.02750015258789,40.125,39.5,39.66749954223633,37.52739715576172,113077600
2017-09-19 00:00:00-04:00,39.877498626708984,39.942501068115234,39.61000061035156,39.682498931884766,37.54159164428711,83242400
2017-09-20 00:00:00-04:00,39.474998474121094,39.564998626708984,38.45750045776367,39.01750183105469,36.9124755859375,211805600
2017-09-21 00:00:00-04:00,38.95000076293945,38.95000076293945,38.1875,38.34749984741211,36.278621673583984,150046800
2017-09-22 00:00:00-04:00,37.8849983215332,38.067501068115234,37.63999938964844,37.97249984741211,35.923858642578125,186581600
2017-09-25 00:00:00-04:00,37.497501373291016,37.95750045776367,37.290000915527344,37.63750076293945,35.60691833496094,177549200
2017-09-26 00:00:00-04:00,37.94499969482422,38.47999954223633,37.92250061035156,38.28499984741211,36.2194938659668,146640000
2017-09-27 00:00:00-04:00,38.45000076293945,38.68000030517578,38.3849983215332,38.557498931884766,36.477291107177734,102016800
2017-09-28 00:00:00-04:00,38.47249984741211,38.56999969482422,38.17499923706055,38.31999969482422,36.25260543823242,88022000
2017-09-29 00:00:00-04:00,38.3025016784668,38.532501220703125,38.0,38.529998779296875,36.4512825012207,105199200
2017-10-02 00:00:00-04:00,38.564998626708984,38.61249923706055,38.18000030517578,38.45249938964844,36.377952575683594,74795200
2017-10-03 00:00:00-04:00,38.502498626708984,38.772499084472656,38.477500915527344,38.619998931884766,36.53641891479492,64921200
2017-10-04 00:00:00-04:00,38.407501220703125,38.46500015258789,38.1150016784668,38.369998931884766,36.29991149902344,80655200
2017-10-05 00:00:00-04:00,38.54499816894531,38.86000061035156,38.51250076293945,38.84749984741211,36.751644134521484,85135200
2017-10-06 00:00:00-04:00,38.74250030517578,38.872501373291016,38.63999938964844,38.82500076293945,36.7303581237793,69630400
2017-10-09 00:00:00-04:00,38.95249938964844,39.182498931884766,38.872501373291016,38.959999084472656,36.85807800292969,65051600
2017-10-10 00:00:00-04:00,39.01499938964844,39.5,38.775001525878906,38.974998474121094,36.87227249145508,62468000
2017-10-11 00:00:00-04:00,38.99250030517578,39.244998931884766,38.9375,39.13750076293945,37.026004791259766,67622400
2017-10-12 00:00:00-04:00,39.087501525878906,39.342498779296875,38.932498931884766,39.0,36.895912170410156,64500400
2017-10-13 00:00:00-04:00,39.182498931884766,39.31999969482422,39.102500915527344,39.247501373291016,37.13007354736328,65576800
2017-10-16 00:00:00-04:00,39.474998474121094,40.0,39.412498474121094,39.970001220703125,37.813575744628906,96486000
2017-10-17 00:00:00-04:00,39.94499969482422,40.217498779296875,39.807498931884766,40.11750030517578,37.953121185302734,75989200
2017-10-18 00:00:00-04:00,40.10499954223633,40.1775016784668,39.900001525878906,39.939998626708984,37.78519821166992,65496800
2017-10-19 00:00:00-04:00,39.1875,39.27000045776367,38.755001068115234,38.994998931884766,36.89118576049805,170336800
2017-10-20 00:00:00-04:00,39.15250015258789,39.4375,38.9900016784668,39.0625,36.955047607421875,95896400
2017-10-23 00:00:00-04:00,39.22249984741211,39.42250061035156,38.875,39.04249954223633,36.93611526489258,87937200
2017-10-24 00:00:00-04:00,39.0724983215332,39.35499954223633,39.04999923706055,39.275001525878906,37.15608596801758,71028800
2017-10-25 00:00:00-04:00,39.227500915527344,39.38750076293945,38.817501068115234,39.102500915527344,36.992889404296875,84828400
2017-10-26 00:00:00-04:00,39.307498931884766,39.45750045776367,39.19499969482422,39.352500915527344,37.22940444946289,68002000
2017-10-27 00:00:00-04:00,39.8224983215332,40.900001525878906,39.67499923706055,40.76250076293945,38.56332778930664,177816800
2017-10-30 00:00:00-04:00,40.97249984741211,42.01750183105469,40.93000030517578,41.68000030517578,39.431331634521484,178803200
2017-10-31 00:00:00-04:00,41.974998474121094,42.412498474121094,41.73500061035156,42.2599983215332,39.98003005981445,144187200
2017-11-01 00:00:00-04:00,42.467498779296875,42.48500061035156,41.40250015258789,41.72249984741211,39.471534729003906,134551200
2017-11-02 00:00:00-04:00,41.650001525878906,42.125,41.31999969482422,42.02750015258789,39.76008224487305,165573600
2017-11-03 00:00:00-04:00,43.5,43.564998626708984,42.779998779296875,43.125,40.798362731933594,237594400
2017-11-06 00:00:00-05:00,43.092498779296875,43.747501373291016,42.93000030517578,43.5625,41.21226501464844,140105200
2017-11-07 00:00:00-05:00,43.477500915527344,43.8125,43.400001525878906,43.70249938964844,41.34471130371094,97446000
2017-11-08 00:00:00-05:00,43.665000915527344,44.060001373291016,43.58250045776367,44.060001373291016,41.68292236328125,97638000
2017-11-09 00:00:00-05:00,43.77750015258789,44.025001525878906,43.28499984741211,43.970001220703125,41.597782135009766,117930400
2017-11-10 00:00:00-05:00,43.77750015258789,43.845001220703125,43.567501068115234,43.66749954223633,41.460105895996094,100582000
2017-11-13 00:00:00-05:00,43.375,43.625,43.349998474121094,43.49250030517578,41.29395294189453,67928400
2017-11-14 00:00:00-05:00,43.2599983215332,43.369998931884766,42.79499816894531,42.834999084472656,40.66969680786133,99130000
2017-11-15 00:00:00-05:00,42.49250030517578,42.58000183105469,42.095001220703125,42.27000045776367,40.13325881958008,116632400
2017-11-16 00:00:00-05:00,42.79499816894531,42.967498779296875,42.57500076293945,42.775001525878906,40.612728118896484,94550000
2017-11-17 00:00:00-05:00,42.7599983215332,42.84749984741211,42.40999984741211,42.537498474121094,40.38722610473633,87598000
2017-11-20 00:00:00-05:00,42.5724983215332,42.63999938964844,42.38999938964844,42.494998931884766,40.34688186645508,65049600
2017-11-21 00:00:00-05:00,42.69499969482422,43.42499923706055,42.69499969482422,43.28499984741211,41.09694290161133,100525200
2017-11-22 00:00:00-05:00,43.34000015258789,43.75,43.26250076293945,43.7400016784668,41.52894592285156,102355600
2017-11-24 00:00:00-05:00,43.775001525878906,43.875,43.662498474121094,43.74250030517578,41.531314849853516,56106800
2017-11-27 00:00:00-05:00,43.76250076293945,43.77000045776367,43.334999084472656,43.522499084472656,41.32244110107422,82867200
2017-11-28 00:00:00-05:00,43.57500076293945,43.717498779296875,42.96500015258789,43.26750183105469,41.08033752441406,105715200
2017-11-29 00:00:00-05:00,43.157501220703125,43.22999954223633,41.790000915527344,42.369998931884766,40.22819519042969,166665600
2017-11-30 00:00:00-05:00,42.60749816894531,43.03499984741211,42.11000061035156,42.962501525878906,40.79074478149414,166108800
2017-12-01 00:00:00-05:00,42.48749923706055,42.91749954223633,42.125,42.76250076293945,40.600860595703125,159037200
2017-12-04 00:00:00-05:00,43.119998931884766,43.154998779296875,42.407501220703125,42.45000076293945,40.30414581298828,130169600
2017-12-05 00:00:00-05:00,42.26499938964844,42.880001068115234,42.099998474121094,42.40999984741211,40.26618194580078,109400800
2017-12-06 00:00:00-05:00,41.875,42.54999923706055,41.6150016784668,42.252498626708984,40.11663818359375,114240000
2017-12-07 00:00:00-05:00,42.25749969482422,42.61000061035156,42.227500915527344,42.33000183105469,40.19021987915039,102693200
2017-12-08 00:00:00-05:00,42.622501373291016,42.75,42.20500183105469,42.342498779296875,40.202091217041016,93420800
2017-12-11 00:00:00-05:00,42.29999923706055,43.22249984741211,42.1974983215332,43.16749954223633,40.985389709472656,141095200
2017-12-12 00:00:00-05:00,43.037498474121094,43.09749984741211,42.8650016784668,42.92499923706055,40.755149841308594,77636800
2017-12-13 00:00:00-05:00,43.125,43.3849983215332,43.0,43.067501068115234,40.89044189453125,95273600
2017-12-14 00:00:00-05:00,43.099998474121094,43.282501220703125,42.912498474121094,43.05500030517578,40.878570556640625,81906000
2017-12-15 00:00:00-05:00,43.407501220703125,43.54249954223633,43.1150016784668,43.49250030517578,41.29395294189453,160677200
2017-12-18 00:00:00-05:00,43.720001220703125,44.29999923706055,43.71500015258789,44.10499954223633,41.87549591064453,117684400
2017-12-19 00:00:00-05:00,43.75749969482422,43.84749984741211,43.522499084472656,43.6349983215332,41.42924880981445,109745600
2017-12-20 00:00:00-05:00,43.717498779296875,43.85499954223633,43.3125,43.587501525878906,41.384159088134766,93902400
2017-12-21 00:00:00-05:00,43.54249954223633,44.005001068115234,43.525001525878906,43.752498626708984,41.54081726074219,83799600
2017-12-22 00:00:00-05:00,43.66999816894531,43.85499954223633,43.625,43.752498626708984,41.54081726074219,65397600
2017-12-26 00:00:00-05:00,42.70000076293945,42.86750030517578,42.41999816894531,42.64250183105469,40.48692321777344,132742000
2017-12-27 00:00:00-05:00,42.525001525878906,42.69499969482422,42.4275016784668,42.650001525878906,40.494049072265625,85992800
2017-12-28 00:00:00-05:00,42.75,42.962501525878906,42.619998931884766,42.77000045776367,40.607975006103516,65920800
2017-12-29 00:00:00-05:00,42.630001068115234,42.647499084472656,42.30500030517578,42.307498931884766,40.168861389160156,103999600
2018-01-02 00:00:00-05:00,42.540000915527344,43.07500076293945,42.314998626708984,43.064998626708984,40.888057708740234,102223600
2018-01-03 00:00:00-05:00,43.13249969482422,43.63750076293945,42.9900016784668,43.057498931884766,40.880943298339844,118071600
2018-01-04 00:00:00-05:00,43.1349983215332,43.36750030517578,43.02000045776367,43.25749969482422,41.070831298828125,89738400
2018-01-05 00:00:00-05:00,43.36000061035156,43.842498779296875,43.26250076293945,43.75,41.53843688964844,94640000
2018-01-08 00:00:00-05:00,43.587501525878906,43.90250015258789,43.48249816894531,43.587501525878906,41.384159088134766,82271200
2018-01-09 00:00:00-05:00,43.63750076293945,43.76499938964844,43.352500915527344,43.58250045776367,41.37940979003906,86336000
2018-01-10 00:00:00-05:00,43.290000915527344,43.57500076293945,43.25,43.5724983215332,41.36991882324219,95839600
2018-01-11 00:00:00-05:00,43.647499084472656,43.872501373291016,43.622501373291016,43.81999969482422,41.60490417480469,74670800
2018-01-12 00:00:00-05:00,44.04499816894531,44.34000015258789,43.912498474121094,44.272499084472656,42.03452682495117,101672400
2018-01-16 00:00:00-05:00,44.474998474121094,44.84749984741211,44.03499984741211,44.04750061035156,41.82089614868164,118263600
2018-01-17 00:00:00-05:00,44.037498474121094,44.8125,43.76750183105469,44.775001525878906,42.511627197265625,137547200
2018-01-18 00:00:00-05:00,44.842498779296875,45.025001525878906,44.5625,44.814998626708984,42.549598693847656,124773600
2018-01-19 00:00:00-05:00,44.65250015258789,44.89500045776367,44.352500915527344,44.6150016784668,42.35971450805664,129700400
2018-01-22 00:00:00-05:00,44.32500076293945,44.44499969482422,44.150001525878906,44.25,42.01316833496094,108434400
2018-01-23 00:00:00-05:00,44.32500076293945,44.86000061035156,44.20500183105469,44.2599983215332,42.02265548706055,130756400
2018-01-24 00:00:00-05:00,44.3125,44.32500076293945,43.29999923706055,43.55500030517578,41.35329818725586,204420400
2018-01-25 00:00:00-05:00,43.627498626708984,43.73749923706055,42.63249969482422,42.77750015258789,40.6151008605957,166116000
2018-01-26 00:00:00-05:00,43.0,43.0,42.51499938964844,42.877498626708984,40.71003723144531,156572000
2018-01-29 00:00:00-05:00,42.540000915527344,42.540000915527344,41.76750183105469,41.9900016784668,39.86740493774414,202561600
2018-01-30 00:00:00-05:00,41.38249969482422,41.842498779296875,41.17499923706055,41.74250030517578,39.63241195678711,184192800
2018-01-31 00:00:00-05:00,41.717498779296875,42.11000061035156,41.625,41.85749816894531,39.741607666015625,129915600
2018-02-01 00:00:00-05:00,41.79249954223633,42.154998779296875,41.689998626708984,41.94499969482422,39.82468032836914,188923200
2018-02-02 00:00:00-05:00,41.5,41.70000076293945,40.025001525878906,40.125,38.09669494628906,346375200
2018-02-05 00:00:00-05:00,39.775001525878906,40.970001220703125,39.0,39.122501373291016,37.144866943359375,290954000
2018-02-06 00:00:00-05:00,38.70750045776367,40.93000030517578,38.5,40.75749969482422,38.697208404541016,272975200
2018-02-07 00:00:00-05:00,40.772499084472656,40.849998474121094,39.76750183105469,39.8849983215332,37.86880874633789,206434400
2018-02-08 00:00:00-05:00,40.0724983215332,40.25,38.75749969482422,38.787498474121094,36.82679748535156,217562000
2018-02-09 00:00:00-05:00,39.26750183105469,39.47249984741211,37.560001373291016,39.102500915527344,37.27724075317383,282690400
2018-02-12 00:00:00-05:00,39.625,40.97249984741211,39.377498626708984,40.6775016784668,38.778717041015625,243278000
2018-02-13 00:00:00-05:00,40.48749923706055,41.1875,40.412498474121094,41.084999084472656,39.16719436645508,130196800
2018-02-14 00:00:00-05:00,40.7599983215332,41.8849983215332,40.720001220703125,41.842498779296875,39.88933181762695,162579600
2018-02-15 00:00:00-05:00,42.4474983215332,43.272499084472656,42.25,43.247501373291016,41.22874450683594,204588800
2018-02-16 00:00:00-05:00,43.09000015258789,43.70500183105469,42.942501068115234,43.10749816894531,41.09528350830078,160704400
2018-02-20 00:00:00-05:00,43.01250076293945,43.564998626708984,42.85499954223633,42.962501525878906,40.95705032348633,135722000
2018-02-21 00:00:00-05:00,43.20750045776367,43.529998779296875,42.752498626708984,42.76750183105469,40.77116394042969,149886400
2018-02-22 00:00:00-05:00,42.95000076293945,43.48749923706055,42.9275016784668,43.125,41.111976623535156,123967600
2018-02-23 00:00:00-05:00,43.41749954223633,43.912498474121094,43.3849983215332,43.875,41.82695388793945,135249600
2018-02-26 00:00:00-05:00,44.087501525878906,44.84749984741211,44.0525016784668,44.74250030517578,42.65396499633789,152648800
2018-02-27 00:00:00-05:00,44.775001525878906,45.119998931884766,44.540000915527344,44.59749984741211,42.51573944091797,155712400
2018-02-28 00:00:00-05:00,44.814998626708984,45.154998779296875,44.51250076293945,44.529998779296875,42.451385498046875,151128400
2018-03-01 00:00:00-05:00,44.6349983215332,44.94499969482422,43.165000915527344,43.75,41.707801818847656,195208000
2018-03-02 00:00:00-05:00,43.20000076293945,44.07500076293945,43.11249923706055,44.0525016784668,41.99618148803711,153816000
2018-03-05 00:00:00-05:00,43.8025016784668,44.435001373291016,43.630001068115234,44.20500183105469,42.14155578613281,113605600
2018-03-06 00:00:00-05:00,44.477500915527344,44.5625,44.032501220703125,44.16749954223633,42.10580825805664,95154000
2018-03-07 00:00:00-05:00,43.73500061035156,43.962501525878906,43.567501068115234,43.75749969482422,41.71495819091797,126814000
2018-03-08 00:00:00-05:00,43.869998931884766,44.279998779296875,43.76750183105469,44.23500061035156,42.17015838623047,95096400
2018-03-09 00:00:00-05:00,44.4900016784668,45.0,44.34749984741211,44.994998931884766,42.894683837890625,128740800
2018-03-12 00:00:00-04:00,45.0724983215332,45.59749984741211,45.0525016784668,45.43000030517578,43.30937957763672,128828400
2018-03-13 00:00:00-04:00,45.647499084472656,45.875,44.810001373291016,44.99250030517578,42.892295837402344,126774000
2018-03-14 00:00:00-04:00,45.08000183105469,45.130001068115234,44.45249938964844,44.61000061035156,42.52765655517578,117473600
2018-03-15 00:00:00-04:00,44.625,45.060001373291016,44.51750183105469,44.662498474121094,42.577701568603516,90975200
2018-03-16 00:00:00-04:00,44.662498474121094,44.779998779296875,44.404998779296875,44.505001068115234,42.427547454833984,157618800
2018-03-19 00:00:00-04:00,44.33000183105469,44.36750030517578,43.415000915527344,43.82500076293945,41.77930450439453,133787200
2018-03-20 00:00:00-04:00,43.810001373291016,44.20000076293945,43.73500061035156,43.810001373291016,41.76499938964844,78597600
2018-03-21 00:00:00-04:00,43.7599983215332,43.772499084472656,42.814998626708984,42.817501068115234,40.81882858276367,148219600
2018-03-22 00:00:00-04:00,42.5,43.16999816894531,42.150001525878906,42.212501525878906,40.2420654296875,165963200
2018-03-23 00:00:00-04:00,42.09749984741211,42.47999954223633,41.23500061035156,41.23500061035156,39.31019973754883,164115200
2018-03-26 00:00:00-04:00,42.01750183105469,43.275001525878906,41.61000061035156,43.192501068115234,41.17631912231445,150164800
2018-03-27 00:00:00-04:00,43.41999816894531,43.787498474121094,41.72999954223633,42.084999084472656,40.120513916015625,163690400
2018-03-28 00:00:00-04:00,41.8125,42.505001068115234,41.29750061035156,41.619998931884766,39.67721939086914,166674000
2018-03-29 00:00:00-04:00,41.95249938964844,42.9375,41.724998474121094,41.94499969482422,39.9870491027832,153594000
2018-04-02 00:00:00-04:00,41.65999984741211,42.23500061035156,41.11750030517578,41.66999816894531,39.724891662597656,150347200
2018-04-03 00:00:00-04:00,41.90999984741211,42.1875,41.220001220703125,42.09749984741211,40.13243865966797,121112000
2018-04-04 00:00:00-04:00,41.220001220703125,43.002498626708984,41.192501068115234,42.90250015258789,40.89985275268555,138422000
2018-04-05 00:00:00-04:00,43.14500045776367,43.557498931884766,43.02000045776367,43.20000076293945,41.1834716796875,107732800
2018-04-06 00:00:00-04:00,42.74250030517578,43.119998931884766,42.04999923706055,42.095001220703125,40.13004684448242,140021200
2018-04-09 00:00:00-04:00,42.470001220703125,43.272499084472656,42.462501525878906,42.51250076293945,40.52806091308594,116070800
2018-04-10 00:00:00-04:00,43.25,43.5,42.88249969482422,43.3125,41.29072189331055,113634400
2018-04-11 00:00:00-04:00,43.057498931884766,43.47999954223633,42.92499923706055,43.11000061035156,41.09767532348633,89726400
2018-04-12 00:00:00-04:00,43.352500915527344,43.75,43.2599983215332,43.53499984741211,41.50282669067383,91557200
2018-04-13 00:00:00-04:00,43.69499969482422,43.959999084472656,43.462501525878906,43.682498931884766,41.64344787597656,100497200
2018-04-16 00:00:00-04:00,43.75749969482422,44.04750061035156,43.70750045776367,43.95500183105469,41.903236389160156,86313600
2018-04-17 00:00:00-04:00,44.122501373291016,44.73500061035156,44.102500915527344,44.560001373291016,42.47999572753906,106421600
2018-04-18 00:00:00-04:00,44.45249938964844,44.70500183105469,44.220001220703125,44.459999084472656,42.38465118408203,83018000
2018-04-19 00:00:00-04:00,43.439998626708984,43.84749984741211,43.165000915527344,43.20000076293945,41.1834716796875,139235200
2018-04-20 00:00:00-04:00,42.650001525878906,42.80500030517578,41.35749816894531,41.43000030517578,39.49608612060547,261964400
2018-04-23 00:00:00-04:00,41.70750045776367,41.72999954223633,41.022499084472656,41.310001373291016,39.3817024230957,146062000
2018-04-24 00:00:00-04:00,41.41749954223633,41.58250045776367,40.30500030517578,40.73500061035156,38.83354187011719,134768000
2018-04-25 00:00:00-04:00,40.654998779296875,41.35499954223633,40.602500915527344,40.912498474121094,39.00274658203125,113528400
2018-04-26 00:00:00-04:00,41.029998779296875,41.432498931884766,40.842498779296875,41.05500030517578,39.13859939575195,111852000
2018-04-27 00:00:00-04:00,41.0,41.08250045776367,40.157501220703125,40.58000183105469,38.68577575683594,142623200
2018-04-30 00:00:00-04:00,40.532501220703125,41.814998626708984,40.459999084472656,41.314998626708984,39.38645935058594,169709600
2018-05-01 00:00:00-04:00,41.602500915527344,42.29999923706055,41.317501068115234,42.275001525878906,40.30165481567383,214277600
2018-05-02 00:00:00-04:00,43.807498931884766,44.4375,43.45000076293945,44.14250183105469,42.081974029541016,266157600
2018-05-03 00:00:00-04:00,43.970001220703125,44.375,43.61000061035156,44.22249984741211,42.15823745727539,136272800
2018-05-04 00:00:00-04:00,44.5625,46.0625,44.54249954223633,45.95750045776367,43.812255859375,224805200
2018-05-07 00:00:00-04:00,46.29499816894531,46.91749954223633,46.1875,46.290000915527344,44.129234313964844,169805600
2018-05-08 00:00:00-04:00,46.247501373291016,46.55500030517578,45.91749954223633,46.51250076293945,44.34134292602539,113611200
2018-05-09 00:00:00-04:00,46.63750076293945,46.849998474121094,46.30500030517578,46.84000015258789,44.653560638427734,92844800
2018-05-10 00:00:00-04:00,46.935001373291016,47.592498779296875,46.912498474121094,47.5099983215332,45.29228591918945,111957200
2018-05-11 00:00:00-04:00,47.372501373291016,47.51499938964844,46.86249923706055,47.147499084472656,45.120025634765625,104848800
2018-05-14 00:00:00-04:00,47.252498626708984,47.38249969482422,46.96500015258789,47.037498474121094,45.0147590637207,83115200
2018-05-15 00:00:00-04:00,46.69499969482422,46.76750183105469,46.275001525878906,46.61000061035156,44.60563659667969,94780800
2018-05-16 00:00:00-04:00,46.51750183105469,47.1150016784668,46.5,47.04499816894531,45.02194595336914,76732400
2018-05-17 00:00:00-04:00,47.0,47.227500915527344,46.59000015258789,46.747501373291016,44.73722839355469,69176000
2018-05-18 00:00:00-04:00,46.79750061035156,46.95249938964844,46.532501220703125,46.57749938964844,44.57453918457031,73190800
2018-05-21 00:00:00-04:00,47.0,47.317501068115234,46.727500915527344,46.907501220703125,44.89035415649414,73603200
2018-05-22 00:00:00-04:00,47.095001220703125,47.220001220703125,46.69499969482422,46.790000915527344,44.77790069580078,60962800
2018-05-23 00:00:00-04:00,46.587501525878906,47.125,46.439998626708984,47.09000015258789,45.064998626708984,80233600
2018-05-24 00:00:00-04:00,47.192501068115234,47.209999084472656,46.5525016784668,47.037498474121094,45.0147590637207,92936000
2018-05-25 00:00:00-04:00,47.057498931884766,47.412498474121094,46.912498474121094,47.14500045776367,45.117637634277344,69844000
2018-05-29 00:00:00-04:00,46.900001525878906,47.1875,46.717498779296875,46.974998474121094,44.9549446105957,90056400
2018-05-30 00:00:00-04:00,46.93000030517578,47.0,46.69499969482422,46.875,44.85923767089844,74762000
2018-05-31 00:00:00-04:00,46.80500030517578,47.057498931884766,46.53499984741211,46.717498779296875,44.70852279663086,109931200
2018-06-01 00:00:00-04:00,46.997501373291016,47.564998626708984,46.9375,47.560001373291016,45.51478576660156,93770000
2018-06-04 00:00:00-04:00,47.90999984741211,48.35499954223633,47.837501525878906,47.95750045776367,45.895198822021484,105064800
2018-06-05 00:00:00-04:00,48.26750183105469,48.48500061035156,48.09000015258789,48.32749938964844,46.24928665161133,86264000
2018-06-06 00:00:00-04:00,48.407501220703125,48.52000045776367,47.97999954223633,48.494998931884766,46.409576416015625,83734400
2018-06-07 00:00:00-04:00,48.53499984741211,48.54999923706055,48.084999084472656,48.3650016784668,46.28516387939453,85388800
2018-06-08 00:00:00-04:00,47.79249954223633,48.0,47.442501068115234,47.92499923706055,45.86409378051758,106627200
2018-06-11 00:00:00-04:00,47.837501525878906,47.99250030517578,47.5525016784668,47.807498931884766,45.75164031982422,73234000
2018-06-12 00:00:00-04:00,47.84749984741211,48.15250015258789,47.787498474121094,48.06999969482422,46.002845764160156,67644400
2018-06-13 00:00:00-04:00,48.10499954223633,48.220001220703125,47.61000061035156,47.67499923706055,45.624839782714844,86553600
2018-06-14 00:00:00-04:00,47.88750076293945,47.89250183105469,47.55500030517578,47.70000076293945,45.64876937866211,86440400
2018-06-15 00:00:00-04:00,47.50749969482422,47.540000915527344,47.064998626708984,47.209999084472656,45.17983627319336,246876800
2018-06-18 00:00:00-04:00,46.970001220703125,47.30500030517578,46.79999923706055,47.185001373291016,45.155914306640625,73939600
2018-06-19 00:00:00-04:00,46.28499984741211,46.58250045776367,45.86249923706055,46.42250061035156,44.42620086669922,134314000
2018-06-20 00:00:00-04:00,46.587501525878906,46.79999923706055,46.432498931884766,46.625,44.619998931884766,82514800
2018-06-21 00:00:00-04:00,46.8125,47.087501525878906,46.23500061035156,46.3650016784668,44.37117385864258,102847600
2018-06-22 00:00:00-04:00,46.529998779296875,46.537498474121094,46.17499923706055,46.22999954223633,44.24198532104492,108801600
2018-06-25 00:00:00-04:00,45.849998474121094,46.22999954223633,45.182498931884766,45.54249954223633,43.584041595458984,126652400
2018-06-26 00:00:00-04:00,45.747501373291016,46.63249969482422,45.6349983215332,46.10749816894531,44.12474822998047,98276800
2018-06-27 00:00:00-04:00,46.307498931884766,46.81999969482422,46.00749969482422,46.040000915527344,44.06015396118164,101141200
2018-06-28 00:00:00-04:00,46.025001525878906,46.5525016784668,45.95000076293945,46.375,44.380741119384766,69460800
2018-06-29 00:00:00-04:00,46.5724983215332,46.79750061035156,45.727500915527344,46.27750015258789,44.28743362426758,90950800
2018-07-02 00:00:00-04:00,45.95500183105469,46.82500076293945,45.85499954223633,46.79499816894531,44.78268051147461,70925200
2018-07-03 00:00:00-04:00,46.9474983215332,46.98749923706055,45.8849983215332,45.97999954223633,44.00272750854492,55819200
2018-07-05 00:00:00-04:00,46.314998626708984,46.602500915527344,46.06999969482422,46.349998474121094,44.356815338134766,66416800
2018-07-06 00:00:00-04:00,46.35499954223633,47.10749816894531,46.29999923706055,46.99250030517578,44.97169494628906,69940800
2018-07-09 00:00:00-04:00,47.375,47.66999816894531,47.32500076293945,47.64500045776367,45.59613037109375,79026400
2018-07-10 00:00:00-04:00,47.6775016784668,47.81999969482422,47.54499816894531,47.587501525878906,45.54110336303711,63756400
2018-07-11 00:00:00-04:00,47.125,47.44499969482422,46.90250015258789,46.970001220703125,44.950157165527344,75326000
2018-07-12 00:00:00-04:00,47.38249969482422,47.852500915527344,47.32749938964844,47.75749969482422,45.70378494262695,72164400
2018-07-13 00:00:00-04:00,47.77000045776367,47.959999084472656,47.724998474121094,47.83250045776367,45.77556228637695,50055600
2018-07-16 00:00:00-04:00,47.880001068115234,48.162498474121094,47.60499954223633,47.727500915527344,45.675079345703125,60172400
2018-07-17 00:00:00-04:00,47.4375,47.967498779296875,47.29999923706055,47.86249923706055,45.80427932739258,62138000
2018-07-18 00:00:00-04:00,47.94499969482422,47.95000076293945,47.48249816894531,47.599998474121094,45.553070068359375,65573600
2018-07-19 00:00:00-04:00,47.42250061035156,48.13750076293945,47.42250061035156,47.970001220703125,45.90715026855469,81147200
2018-07-20 00:00:00-04:00,47.94499969482422,48.10749816894531,47.54249954223633,47.86000061035156,45.80188751220703,82704800
2018-07-23 00:00:00-04:00,47.66999816894531,47.9900016784668,47.38999938964844,47.90250015258789,45.842552185058594,63957600
2018-07-24 00:00:00-04:00,48.11249923706055,48.415000915527344,48.01250076293945,48.25,46.17512130737305,74791600
2018-07-25 00:00:00-04:00,48.26499938964844,48.712501525878906,48.10749816894531,48.70500183105469,46.61054611206055,66839600
2018-07-26 00:00:00-04:00,48.65250015258789,48.9900016784668,48.40250015258789,48.5525016784668,46.46460723876953,76304000
2018-07-27 00:00:00-04:00,48.747501373291016,48.79750061035156,47.525001525878906,47.744998931884766,45.69183349609375,96096000
2018-07-30 00:00:00-04:00,47.974998474121094,48.04999923706055,47.26750183105469,47.477500915527344,45.43583679199219,84118000
2018-07-31 00:00:00-04:00,47.57500076293945,48.03499984741211,47.334999084472656,47.5724983215332,45.52674865722656,157492000
2018-08-01 00:00:00-04:00,49.782501220703125,50.439998626708984,49.32749938964844,50.375,48.208736419677734,271742800
2018-08-02 00:00:00-04:00,50.14500045776367,52.095001220703125,50.087501525878906,51.84749984741211,49.61790466308594,249616000
2018-08-03 00:00:00-04:00,51.75749969482422,52.185001373291016,51.369998931884766,51.997501373291016,49.76145553588867,133789600
2018-08-06 00:00:00-04:00,52.0,52.3125,51.76750183105469,52.26750183105469,50.01985168457031,101701600
2018-08-07 00:00:00-04:00,52.33000183105469,52.375,51.689998626708984,51.77750015258789,49.550926208496094,102349600
2018-08-08 00:00:00-04:00,51.51250076293945,51.95249938964844,51.130001068115234,51.8125,49.58442306518555,90102000
2018-08-09 00:00:00-04:00,52.38249969482422,52.44499969482422,51.79999923706055,52.220001220703125,49.974388122558594,93970400
2018-08-10 00:00:00-04:00,51.84000015258789,52.275001525878906,51.66749954223633,51.88249969482422,49.825538635253906,98444800
2018-08-13 00:00:00-04:00,52.32749938964844,52.73749923706055,51.92499923706055,52.217498779296875,50.14725875854492,103563600
2018-08-14 00:00:00-04:00,52.540000915527344,52.63999938964844,52.064998626708984,52.4375,50.35853576660156,82992000
2018-08-15 00:00:00-04:00,52.30500030517578,52.685001373291016,52.08250045776367,52.560001373291016,50.47617721557617,115230400
2018-08-16 00:00:00-04:00,52.9375,53.45249938964844,52.86750030517578,53.33000183105469,51.21565246582031,114001600
2018-08-17 00:00:00-04:00,53.36000061035156,54.48749923706055,53.290000915527344,54.39500045776367,52.23843002319336,141708000
2018-08-20 00:00:00-04:00,54.525001525878906,54.79499816894531,53.77750015258789,53.8650016784668,51.72944641113281,121150800
2018-08-21 00:00:00-04:00,54.20000076293945,54.29750061035156,53.50749969482422,53.7599983215332,51.62860107421875,104639200
2018-08-22 00:00:00-04:00,53.525001525878906,54.09000015258789,53.459999084472656,53.76250076293945,51.631004333496094,76072400
2018-08-23 00:00:00-04:00,53.662498474121094,54.26250076293945,53.650001525878906,53.872501373291016,51.736637115478516,75532800
2018-08-24 00:00:00-04:00,54.150001525878906,54.224998474121094,53.77750015258789,54.040000915527344,51.89750289916992,73905600
2018-08-27 00:00:00-04:00,54.287498474121094,54.685001373291016,54.08250045776367,54.48500061035156,52.324859619140625,82100400
2018-08-28 00:00:00-04:00,54.752498626708984,55.1349983215332,54.72999954223633,54.92499923706055,52.747406005859375,91107200
2018-08-29 00:00:00-04:00,55.037498474121094,55.872501373291016,54.852500915527344,55.744998931884766,53.5349006652832,109019200
2018-08-30 00:00:00-04:00,55.8125,57.064998626708984,55.599998474121094,56.25749969482422,54.02708053588867,195175200
2018-08-31 00:00:00-04:00,56.627498626708984,57.217498779296875,56.5,56.907501220703125,54.65131378173828,173360400
2018-09-04 00:00:00-04:00,57.102500915527344,57.29499816894531,56.657501220703125,57.09000015258789,54.82658386230469,109560400
2018-09-05 00:00:00-04:00,57.247501373291016,57.41749954223633,56.275001525878906,56.717498779296875,54.46885299682617,133332000
2018-09-06 00:00:00-04:00,56.557498931884766,56.837501525878906,55.32500076293945,55.775001525878906,53.56371307373047,137160000
2018-09-07 00:00:00-04:00,55.462501525878906,56.342498779296875,55.1775016784668,55.32500076293945,53.131561279296875,150479200
2018-09-10 00:00:00-04:00,55.23749923706055,55.462501525878906,54.11750030517578,54.58250045776367,52.41849136352539,158066000
2018-09-11 00:00:00-04:00,54.502498626708984,56.07500076293945,54.13999938964844,55.962501525878906,53.74378204345703,142996000
2018-09-12 00:00:00-04:00,56.23500061035156,56.25,54.959999084472656,55.26750183105469,53.07634735107422,197114800
2018-09-13 00:00:00-04:00,55.880001068115234,57.087501525878906,55.64250183105469,56.602500915527344,54.35841751098633,166825600
2018-09-14 00:00:00-04:00,56.4375,56.709999084472656,55.630001068115234,55.959999084472656,53.74137878417969,127997200
2018-09-17 00:00:00-04:00,55.537498474121094,55.73749923706055,54.317501068115234,54.470001220703125,52.310462951660156,148780400
2018-09-18 00:00:00-04:00,54.4474983215332,55.462501525878906,54.279998779296875,54.560001373291016,52.396888732910156,126286800
2018-09-19 00:00:00-04:00,54.625,54.904998779296875,53.82500076293945,54.592498779296875,52.4280891418457,108495200
2018-09-20 00:00:00-04:00,55.060001373291016,55.56999969482422,54.787498474121094,55.00749969482422,52.82664108276367,106435200
2018-09-21 00:00:00-04:00,55.19499969482422,55.34000015258789,54.3224983215332,54.415000915527344,52.257633209228516,384986800
2018-09-24 00:00:00-04:00,54.20500183105469,55.314998626708984,54.157501220703125,55.1974983215332,53.00911331176758,110773600
2018-09-25 00:00:00-04:00,54.9375,55.70500183105469,54.92499923706055,55.54750061035156,53.34524154663086,98217600
2018-09-26 00:00:00-04:00,55.25,55.9375,54.939998626708984,55.10499954223633,52.92028045654297,95938800
2018-09-27 00:00:00-04:00,55.95500183105469,56.61000061035156,55.8849983215332,56.23749923706055,54.007877349853516,120724800
2018-09-28 00:00:00-04:00,56.1974983215332,56.459999084472656,56.005001068115234,56.435001373291016,54.19755172729492,91717600
2018-10-01 00:00:00-04:00,56.98749923706055,57.35499954223633,56.587501525878906,56.814998626708984,54.56248474121094,94403200
2018-10-02 00:00:00-04:00,56.8125,57.5,56.657501220703125,57.31999969482422,55.04745864868164,99152800
2018-10-03 00:00:00-04:00,57.51250076293945,58.36750030517578,57.44499969482422,58.01750183105469,55.71731185913086,114619200
2018-10-04 00:00:00-04:00,57.69499969482422,58.087501525878906,56.682498931884766,56.997501373291016,54.737754821777344,128168000
2018-10-05 00:00:00-04:00,56.9900016784668,57.102500915527344,55.14500045776367,56.0724983215332,53.84941864013672,134322000
2018-10-08 00:00:00-04:00,55.5525016784668,56.20000076293945,55.04999923706055,55.942501068115234,53.72457504272461,118655600
2018-10-09 00:00:00-04:00,55.90999984741211,56.817501068115234,55.5625,56.717498779296875,54.46885299682617,107564000
2018-10-10 00:00:00-04:00,56.3650016784668,56.587501525878906,54.01250076293945,54.09000015258789,51.945518493652344,167962400
2018-10-11 00:00:00-04:00,53.630001068115234,54.875,53.08000183105469,53.61249923706055,51.48695755004883,212497600
2018-10-12 00:00:00-04:00,55.10499954223633,55.720001220703125,54.209999084472656,55.52750015258789,53.32603073120117,161351600
2018-10-15 00:00:00-04:00,55.290000915527344,55.45750045776367,54.317501068115234,54.34000015258789,52.18560028076172,123164000
2018-10-16 00:00:00-04:00,54.73249816894531,55.747501373291016,54.189998626708984,55.537498474121094,53.33564376831055,116736000
2018-10-17 00:00:00-04:00,55.57500076293945,55.65999984741211,54.834999084472656,55.29750061035156,53.10515213012695,91541600
2018-10-18 00:00:00-04:00,54.46500015258789,54.935001373291016,53.25,54.005001068115234,51.8638916015625,130325200
2018-10-19 00:00:00-04:00,54.51499938964844,55.314998626708984,54.35749816894531,54.82749938964844,52.653778076171875,132314800
2018-10-22 00:00:00-04:00,54.9474983215332,55.84000015258789,54.73500061035156,55.162498474121094,52.975502014160156,115168400
2018-10-23 00:00:00-04:00,53.95750045776367,55.8125,53.67499923706055,55.682498931884766,53.474884033203125,155071200
2018-10-24 00:00:00-04:00,55.650001525878906,56.057498931884766,53.6349983215332,53.772499084472656,51.64060592651367,163702000
2018-10-25 00:00:00-04:00,54.4275016784668,55.345001220703125,54.1875,54.95000076293945,52.77142333984375,119423200
2018-10-26 00:00:00-04:00,53.974998474121094,55.04750061035156,53.16749954223633,54.07500076293945,51.931121826171875,189033600
2018-10-29 00:00:00-04:00,54.79750061035156,54.92250061035156,51.522499084472656,53.060001373291016,50.956356048583984,183742000
2018-10-30 00:00:00-04:00,52.787498474121094,53.79499816894531,52.317501068115234,53.32500076293945,51.210853576660156,146640000
2018-10-31 00:00:00-04:00,54.220001220703125,55.11249923706055,54.154998779296875,54.71500015258789,52.54573440551758,153435600
2018-11-01 00:00:00-04:00,54.76250076293945,55.59000015258789,54.20249938964844,55.55500030517578,53.352439880371094,233292800
2018-11-02 00:00:00-04:00,52.38750076293945,53.412498474121094,51.35749816894531,51.869998931884766,49.81352996826172,365314800
2018-11-05 00:00:00-05:00,51.07500076293945,51.09749984741211,49.54249954223633,50.397499084472656,48.3994140625,264654800
2018-11-06 00:00:00-05:00,50.47999954223633,51.18000030517578,50.42250061035156,50.942501068115234,48.92280197143555,127531600
2018-11-07 00:00:00-05:00,51.49250030517578,52.51499938964844,51.032501220703125,52.48749923706055,50.406551361083984,133697600
2018-11-08 00:00:00-05:00,52.494998931884766,52.529998779296875,51.6875,52.122501373291016,50.230674743652344,101450400
2018-11-09 00:00:00-05:00,51.38750076293945,51.502498626708984,50.5625,51.11750030517578,49.26216125488281,137463200
2018-11-12 00:00:00-05:00,49.75,49.962501525878906,48.4474983215332,48.54249954223633,46.780616760253906,204542000
2018-11-13 00:00:00-05:00,47.907501220703125,49.29499816894531,47.86249923706055,48.057498931884766,46.31321716308594,187531600
2018-11-14 00:00:00-05:00,48.474998474121094,48.619998931884766,46.48249816894531,46.70000076293945,45.005001068115234,243204000
2018-11-15 00:00:00-05:00,47.09749984741211,47.99250030517578,46.724998474121094,47.852500915527344,46.11566162109375,185915200
2018-11-16 00:00:00-05:00,47.625,48.74250030517578,47.3650016784668,48.38249969482422,46.626426696777344,147713200
2018-11-19 00:00:00-05:00,47.5,47.67499923706055,46.247501373291016,46.46500015258789,44.77852249145508,167701200
2018-11-20 00:00:00-05:00,44.592498779296875,45.36750030517578,43.877498626708984,44.244998931884766,42.639095306396484,271300800
2018-11-21 00:00:00-05:00,44.932498931884766,45.067501068115234,44.13750076293945,44.19499969482422,42.590911865234375,124496800
2018-11-23 00:00:00-05:00,43.73500061035156,44.150001525878906,43.025001525878906,43.0724983215332,41.509151458740234,94496000
2018-11-26 00:00:00-05:00,43.560001373291016,43.73749923706055,42.564998626708984,43.654998779296875,42.07050704956055,179994000
2018-11-27 00:00:00-05:00,42.877498626708984,43.692501068115234,42.720001220703125,43.560001373291016,41.97896194458008,165549600
2018-11-28 00:00:00-05:00,44.182498931884766,45.3224983215332,43.73249816894531,45.23500061035156,43.593170166015625,184250000
2018-11-29 00:00:00-05:00,45.665000915527344,45.70000076293945,44.42499923706055,44.88750076293945,43.25827407836914,167080000
2018-11-30 00:00:00-05:00,45.0724983215332,45.08250045776367,44.25749969482422,44.64500045776367,43.024574279785156,158126000
2018-12-03 00:00:00-05:00,46.1150016784668,46.23500061035156,45.3025016784668,46.20500183105469,44.5279541015625,163210000
2018-12-04 00:00:00-05:00,45.23749923706055,45.59749984741211,44.067501068115234,44.17250061035156,42.56923294067383,165377200
2018-12-06 00:00:00-05:00,42.939998626708984,43.69499969482422,42.60499954223633,43.68000030517578,42.09461212158203,172393600
2018-12-07 00:00:00-05:00,43.372501373291016,43.622501373291016,42.07500076293945,42.122501373291016,40.5936393737793,169126400
2018-12-10 00:00:00-05:00,41.25,42.522499084472656,40.83250045776367,42.400001525878906,40.86106491088867,248104000
2018-12-11 00:00:00-05:00,42.915000915527344,42.9474983215332,41.75,42.157501220703125,40.62736511230469,189126800
2018-12-12 00:00:00-05:00,42.599998474121094,42.97999954223633,42.255001068115234,42.275001525878906,40.74059295654297,142510800
2018-12-13 00:00:00-05:00,42.622501373291016,43.14250183105469,42.38750076293945,42.73749923706055,41.18631362915039,127594400
2018-12-14 00:00:00-05:00,42.25,42.27000045776367,41.31999969482422,41.369998931884766,39.86844253540039,162814800
2018-12-17 00:00:00-05:00,41.36249923706055,42.087501525878906,40.682498931884766,40.98500061035156,39.49741744995117,177151600
2018-12-18 00:00:00-05:00,41.345001220703125,41.88249969482422,41.09749984741211,41.51750183105469,40.01059341430664,135366000
2018-12-19 00:00:00-05:00,41.5,41.86249923706055,39.772499084472656,40.22249984741211,38.762596130371094,196189200
2018-12-20 00:00:00-05:00,40.099998474121094,40.52750015258789,38.82500076293945,39.20750045776367,37.78444290161133,259092000
2018-12-21 00:00:00-05:00,39.21500015258789,39.540000915527344,37.407501220703125,37.682498931884766,36.314781188964844,382978400
2018-12-24 00:00:00-05:00,37.037498474121094,37.88750076293945,36.647499084472656,36.70750045776367,35.37517166137695,148676800
2018-12-26 00:00:00-05:00,37.07500076293945,39.307498931884766,36.68000030517578,39.29249954223633,37.86634826660156,234330000
2018-12-27 00:00:00-05:00,38.959999084472656,39.192501068115234,37.51750183105469,39.037498474121094,37.620609283447266,212468400
2018-12-28 00:00:00-05:00,39.375,39.630001068115234,38.63750076293945,39.057498931884766,37.6398811340332,169165600
2018-12-31 00:00:00-05:00,39.63249969482422,39.84000015258789,39.119998931884766,39.435001373291016,38.00367736816406,140014000
2019-01-02 00:00:00-05:00,38.72249984741211,39.712501525878906,38.557498931884766,39.47999954223633,38.04705047607422,148158800
2019-01-03 00:00:00-05:00,35.994998931884766,36.43000030517578,35.5,35.54750061035156,34.25727844238281,365248800
2019-01-04 00:00:00-05:00,36.13249969482422,37.13750076293945,35.95000076293945,37.064998626708984,35.719703674316406,234428400
2019-01-07 00:00:00-05:00,37.17499923706055,37.20750045776367,36.474998474121094,36.98249816894531,35.640201568603516,219111200
2019-01-08 00:00:00-05:00,37.38999938964844,37.95500183105469,37.130001068115234,37.6875,36.319602966308594,164101200
2019-01-09 00:00:00-05:00,37.8224983215332,38.63249969482422,37.407501220703125,38.32749938964844,36.93637466430664,180396400
2019-01-10 00:00:00-05:00,38.125,38.49250030517578,37.71500015258789,38.45000076293945,37.054439544677734,143122800
2019-01-11 00:00:00-05:00,38.220001220703125,38.42499923706055,37.877498626708984,38.0724983215332,36.69062805175781,108092800
2019-01-14 00:00:00-05:00,37.712501525878906,37.817501068115234,37.30500030517578,37.5,36.13890075683594,129756800
2019-01-15 00:00:00-05:00,37.567501068115234,38.34749984741211,37.51250076293945,38.26750183105469,36.87855911254883,114843600
2019-01-16 00:00:00-05:00,38.27000045776367,38.970001220703125,38.25,38.73500061035156,37.3290901184082,122278800
2019-01-17 00:00:00-05:00,38.54999923706055,39.415000915527344,38.314998626708984,38.96500015258789,37.550743103027344,119284800
2019-01-18 00:00:00-05:00,39.375,39.470001220703125,38.994998931884766,39.20500183105469,37.78203201293945,135004000
2019-01-22 00:00:00-05:00,39.102500915527344,39.182498931884766,38.154998779296875,38.32500076293945,36.93396759033203,121576000
2019-01-23 00:00:00-05:00,38.537498474121094,38.78499984741211,37.92499923706055,38.47999954223633,37.08333969116211,92522400
2019-01-24 00:00:00-05:00,38.52750015258789,38.619998931884766,37.935001373291016,38.17499923706055,36.78942108154297,101766000
2019-01-25 00:00:00-05:00,38.869998931884766,39.532501220703125,38.58000183105469,39.439998626708984,38.00849533081055,134142000
2019-01-28 00:00:00-05:00,38.9474983215332,39.08250045776367,38.415000915527344,39.07500076293945,37.656742095947266,104768400
2019-01-29 00:00:00-05:00,39.0625,39.532501220703125,38.52750015258789,38.66999816894531,37.26643753051758,166348800
2019-01-30 00:00:00-05:00,40.8125,41.537498474121094,40.057498931884766,41.3125,39.813026428222656,244439200
2019-01-31 00:00:00-05:00,41.52750015258789,42.25,41.13999938964844,41.61000061035156,40.09973907470703,162958400
2019-02-01 00:00:00-05:00,41.7400016784668,42.244998931884766,41.48249816894531,41.630001068115234,40.119014739990234,130672400
2019-02-04 00:00:00-05:00,41.852500915527344,42.915000915527344,41.81999969482422,42.8125,41.25859069824219,125982000
2019-02-05 00:00:00-05:00,43.21500015258789,43.77000045776367,43.087501525878906,43.54499816894531,41.964500427246094,144406400
2019-02-06 00:00:00-05:00,43.662498474121094,43.89250183105469,43.212501525878906,43.560001373291016,41.97896194458008,112958400
2019-02-07 00:00:00-05:00,43.099998474121094,43.48500061035156,42.584999084472656,42.73500061035156,41.183902740478516,126966800
2019-02-08 00:00:00-05:00,42.247501373291016,42.665000915527344,42.10499954223633,42.602500915527344,41.23229217529297,95280000
2019-02-11 00:00:00-05:00,42.76250076293945,42.8025016784668,42.3125,42.35749816894531,40.995174407958984,83973600
2019-02-12 00:00:00-05:00,42.525001525878906,42.75,42.42499923706055,42.72249984741211,41.34843063354492,89134000
2019-02-13 00:00:00-05:00,42.84749984741211,43.119998931884766,42.47999954223633,42.54499816894531,41.17664337158203,89960800
2019-02-14 00:00:00-05:00,42.4275016784668,42.814998626708984,42.345001220703125,42.70000076293945,41.32666015625,87342800
2019-02-15 00:00:00-05:00,42.8125,42.92499923706055,42.4375,42.60499954223633,41.23471450805664,98507200
2019-02-19 00:00:00-05:00,42.4275016784668,42.86000061035156,42.372501373291016,42.73249816894531,41.35810852050781,75891200
2019-02-20 00:00:00-05:00,42.79750061035156,43.33000183105469,42.747501373291016,43.00749969482422,41.624267578125,104457600
2019-02-21 00:00:00-05:00,42.95000076293945,43.092498779296875,42.57500076293945,42.76499938964844,41.38956832885742,68998800
2019-02-22 00:00:00-05:00,42.89500045776367,43.25,42.845001220703125,43.24250030517578,41.85171127319336,75652800
2019-02-25 00:00:00-05:00,43.540000915527344,43.967498779296875,43.48749923706055,43.557498931884766,42.156578063964844,87493600
2019-02-26 00:00:00-05:00,43.4275016784668,43.82500076293945,43.29249954223633,43.58250045776367,42.180782318115234,68280800
2019-02-27 00:00:00-05:00,43.3025016784668,43.75,43.182498931884766,43.717498779296875,42.311431884765625,111341600
2019-02-28 00:00:00-05:00,43.58000183105469,43.727500915527344,43.22999954223633,43.287498474121094,41.895259857177734,112861600
2019-03-01 00:00:00-05:00,43.56999969482422,43.787498474121094,43.22249984741211,43.74250030517578,42.335636138916016,103544800
2019-03-04 00:00:00-05:00,43.92250061035156,44.4375,43.49250030517578,43.962501525878906,42.548561096191406,109744800
2019-03-05 00:00:00-05:00,43.98500061035156,44.0,43.6349983215332,43.88249969482422,42.471126556396484,78949600
2019-03-06 00:00:00-05:00,43.66749954223633,43.872501373291016,43.48500061035156,43.630001068115234,42.22674560546875,83241600
2019-03-07 00:00:00-05:00,43.467498779296875,43.61000061035156,43.005001068115234,43.125,41.73799133300781,99185600
2019-03-08 00:00:00-05:00,42.58000183105469,43.26750183105469,42.375,43.227500915527344,41.837196350097656,95997600
2019-03-11 00:00:00-04:00,43.872501373291016,44.779998779296875,43.837501525878906,44.724998474121094,43.286529541015625,128044000
2019-03-12 00:00:00-04:00,45.0,45.66749954223633,44.842498779296875,45.227500915527344,43.772865295410156,129870400
2019-03-13 00:00:00-04:00,45.5625,45.82500076293945,45.22999954223633,45.4275016784668,43.9664421081543,124130000
2019-03-14 00:00:00-04:00,45.974998474121094,46.025001525878906,45.63999938964844,45.932498931884766,44.455196380615234,94318000
2019-03-15 00:00:00-04:00,46.212501525878906,46.83250045776367,45.935001373291016,46.529998779296875,45.03347396850586,156171600
2019-03-18 00:00:00-04:00,46.45000076293945,47.09749984741211,46.4474983215332,47.005001068115234,45.493202209472656,104879200
2019-03-19 00:00:00-04:00,47.087501525878906,47.247501373291016,46.47999954223633,46.63249969482422,45.1326789855957,126585600
2019-03-20 00:00:00-04:00,46.557498931884766,47.372501373291016,46.182498931884766,47.040000915527344,45.52708053588867,124140800
2019-03-21 00:00:00-04:00,47.505001068115234,49.08250045776367,47.45249938964844,48.772499084472656,47.203857421875,204136800
2019-03-22 00:00:00-04:00,48.834999084472656,49.42250061035156,47.69499969482422,47.76250076293945,46.22633743286133,169630800
2019-03-25 00:00:00-04:00,47.877498626708984,47.994998931884766,46.650001525878906,47.185001373291016,45.66741180419922,175381200
2019-03-26 00:00:00-04:00,47.915000915527344,48.220001220703125,46.14500045776367,46.6974983215332,45.19559097290039,199202000
2019-03-27 00:00:00-04:00,47.1875,47.439998626708984,46.63750076293945,47.11750030517578,45.60207748413086,119393600
2019-03-28 00:00:00-04:00,47.23749923706055,47.38999938964844,46.88249969482422,47.18000030517578,45.66257095336914,83121600
2019-03-29 00:00:00-04:00,47.45750045776367,47.52000045776367,47.1349983215332,47.48749923706055,45.96017837524414,94256000
2019-04-01 00:00:00-04:00,47.90999984741211,47.91999816894531,47.095001220703125,47.810001373291016,46.27230453491211,111448000
2019-04-02 00:00:00-04:00,47.772499084472656,48.6150016784668,47.76250076293945,48.505001068115234,46.94496154785156,91062800
2019-04-03 00:00:00-04:00,48.3125,49.125,48.287498474121094,48.837501525878906,47.266761779785156,93087200
2019-04-04 00:00:00-04:00,48.6974983215332,49.092498779296875,48.28499984741211,48.92250061035156,47.34902572631836,76457200
2019-04-05 00:00:00-04:00,49.11249923706055,49.275001525878906,48.98249816894531,49.25,47.665992736816406,74106400
2019-04-08 00:00:00-04:00,49.10499954223633,50.057498931884766,49.084999084472656,50.025001525878906,48.41606521606445,103526800
2019-04-09 00:00:00-04:00,50.08000183105469,50.712501525878906,49.807498931884766,49.875,48.270896911621094,143072800
2019-04-10 00:00:00-04:00,49.66999816894531,50.185001373291016,49.54499816894531,50.154998779296875,48.54188919067383,86781200
2019-04-11 00:00:00-04:00,50.212501525878906,50.25,49.61000061035156,49.73749923706055,48.137813568115234,83603200
2019-04-12 00:00:00-04:00,49.79999923706055,50.03499984741211,49.0525016784668,49.717498779296875,48.11845779418945,111042800
2019-04-15 00:00:00-04:00,49.64500045776367,49.962501525878906,49.502498626708984,49.807498931884766,48.20556640625,70146400
2019-04-16 00:00:00-04:00,49.8650016784668,50.342498779296875,49.63999938964844,49.8125,48.21040344238281,102785600
2019-04-17 00:00:00-04:00,49.8849983215332,50.845001220703125,49.65250015258789,50.782501220703125,49.14920425415039,115627200
2019-04-18 00:00:00-04:00,50.779998779296875,51.037498474121094,50.630001068115234,50.96500015258789,49.325836181640625,96783200
2019-04-22 00:00:00-04:00,50.70750045776367,51.23500061035156,50.584999084472656,51.13249969482422,49.48793411254883,77758000
2019-04-23 00:00:00-04:00,51.10749816894531,51.9375,50.974998474121094,51.869998931884766,50.20172882080078,93292000
2019-04-24 00:00:00-04:00,51.84000015258789,52.119998931884766,51.76250076293945,51.790000915527344,50.12430191040039,70162400
2019-04-25 00:00:00-04:00,51.70750045776367,51.939998626708984,51.279998779296875,51.31999969482422,49.6694221496582,74172800
2019-04-26 00:00:00-04:00,51.224998474121094,51.25,50.529998779296875,51.07500076293945,49.43229675292969,74596400
2019-04-29 00:00:00-04:00,51.099998474121094,51.49250030517578,50.96500015258789,51.15250015258789,49.5073127746582,88818800
2019-04-30 00:00:00-04:00,50.76499938964844,50.849998474121094,49.77750015258789,50.16749954223633,48.55398178100586,186139600
2019-05-01 00:00:00-04:00,52.470001220703125,53.82749938964844,52.307498931884766,52.630001068115234,50.937294006347656,259309200
2019-05-02 00:00:00-04:00,52.459999084472656,53.162498474121094,52.032501220703125,52.287498474121094,50.605804443359375,127985200
2019-05-03 00:00:00-04:00,52.72249984741211,52.959999084472656,52.557498931884766,52.9375,51.23489761352539,83569600
2019-05-06 00:00:00-04:00,51.0724983215332,52.209999084472656,50.875,52.119998931884766,50.443687438964844,129772400
2019-05-07 00:00:00-04:00,51.470001220703125,51.85499954223633,50.20750045776367,50.71500015258789,49.08387756347656,155054800
2019-05-08 00:00:00-04:00,50.474998474121094,51.334999084472656,50.4375,50.724998474121094,49.093544006347656,105358000
2019-05-09 00:00:00-04:00,50.099998474121094,50.41999816894531,49.165000915527344,50.18000030517578,48.56608963012695,139634400
2019-05-10 00:00:00-04:00,49.35499954223633,49.712501525878906,48.192501068115234,49.29499816894531,47.893280029296875,164834800
2019-05-13 00:00:00-04:00,46.9275016784668,47.369998931884766,45.712501525878906,46.43000030517578,45.109745025634766,229722400
2019-05-14 00:00:00-04:00,46.602500915527344,47.42499923706055,46.352500915527344,47.165000915527344,45.823848724365234,146118800
2019-05-15 00:00:00-04:00,46.567501068115234,47.9375,46.505001068115234,47.72999954223633,46.37278747558594,106178800
2019-05-16 00:00:00-04:00,47.477500915527344,48.11750030517578,47.209999084472656,47.52000045776367,46.16874313354492,132125600
2019-05-17 00:00:00-04:00,46.73249816894531,47.724998474121094,46.689998626708984,47.25,45.90642547607422,131516400
2019-05-20 00:00:00-04:00,45.880001068115234,46.087501525878906,45.06999969482422,45.772499084472656,44.47093963623047,154449200
2019-05-21 00:00:00-04:00,46.30500030517578,47.0,46.17499923706055,46.650001525878906,45.323482513427734,113459200
2019-05-22 00:00:00-04:00,46.165000915527344,46.4275016784668,45.63750076293945,45.69499969482422,44.3956413269043,118994400
2019-05-23 00:00:00-04:00,44.95000076293945,45.1349983215332,44.45249938964844,44.915000915527344,43.6378288269043,146118800
2019-05-24 00:00:00-04:00,45.04999923706055,45.53499984741211,44.654998779296875,44.74250030517578,43.4702262878418,94858800
2019-05-28 00:00:00-04:00,44.72999954223633,45.147499084472656,44.477500915527344,44.557498931884766,43.29049301147461,111792800
2019-05-29 00:00:00-04:00,44.10499954223633,44.837501525878906,44.0,44.345001220703125,43.08403778076172,113924800
2019-05-30 00:00:00-04:00,44.48749923706055,44.807498931884766,44.16749954223633,44.57500076293945,43.307491302490234,84873600
2019-05-31 00:00:00-04:00,44.057498931884766,44.497501373291016,43.747501373291016,43.76750183105469,42.522953033447266,108174400
2019-06-03 00:00:00-04:00,43.900001525878906,44.47999954223633,42.567501068115234,43.32500076293945,42.09303665161133,161584400
2019-06-04 00:00:00-04:00,43.86000061035156,44.95750045776367,43.630001068115234,44.90999984741211,43.632965087890625,123872000
2019-06-05 00:00:00-04:00,46.06999969482422,46.247501373291016,45.28499984741211,45.6349983215332,44.33735275268555,119093600
2019-06-06 00:00:00-04:00,45.77000045776367,46.36750030517578,45.537498474121094,46.30500030517578,44.98830032348633,90105200
2019-06-07 00:00:00-04:00,46.627498626708984,47.97999954223633,46.442501068115234,47.537498474121094,46.18575668334961,122737600
2019-06-10 00:00:00-04:00,47.95249938964844,48.842498779296875,47.904998779296875,48.14500045776367,46.775970458984375,104883600
2019-06-11 00:00:00-04:00,48.71500015258789,49.0,48.400001525878906,48.70249938964844,47.31763458251953,107731600
2019-06-12 00:00:00-04:00,48.48749923706055,48.99250030517578,48.34749984741211,48.54750061035156,47.167030334472656,73012800
2019-06-13 00:00:00-04:00,48.67499923706055,49.1974983215332,48.400001525878906,48.537498474121094,47.15731430053711,86698400
2019-06-14 00:00:00-04:00,47.88750076293945,48.397499084472656,47.57500076293945,48.185001373291016,46.81483840942383,75046000
2019-06-17 00:00:00-04:00,48.224998474121094,48.7400016784668,48.04249954223633,48.47249984741211,47.09416961669922,58676400
2019-06-18 00:00:00-04:00,49.01250076293945,50.0724983215332,48.8025016784668,49.61249923706055,48.201744079589844,106204000
2019-06-19 00:00:00-04:00,49.91999816894531,49.970001220703125,49.32749938964844,49.467498779296875,48.06086730957031,84496800
2019-06-20 00:00:00-04:00,50.092498779296875,50.15250015258789,49.50749969482422,49.8650016784668,48.44707489013672,86056000
2019-06-21 00:00:00-04:00,49.70000076293945,50.212501525878906,49.537498474121094,49.69499969482422,48.28190612792969,191202400
2019-06-24 00:00:00-04:00,49.6349983215332,50.040000915527344,49.54249954223633,49.64500045776367,48.23332977294922,72881600
2019-06-25 00:00:00-04:00,49.60749816894531,49.814998626708984,48.8224983215332,48.89250183105469,47.50223159790039,84281200
2019-06-26 00:00:00-04:00,49.442501068115234,50.247501373291016,49.337501525878906,49.95000076293945,48.52964782714844,104270000
2019-06-27 00:00:00-04:00,50.0724983215332,50.39250183105469,49.89250183105469,49.935001373291016,48.51508331298828,83598800
2019-06-28 00:00:00-04:00,49.66999816894531,49.875,49.26250076293945,49.47999954223633,48.07301330566406,124442400
2019-07-01 00:00:00-04:00,50.79249954223633,51.122501373291016,50.162498474121094,50.38750076293945,48.954715728759766,109012000
2019-07-02 00:00:00-04:00,50.352500915527344,50.782501220703125,50.34000015258789,50.682498931884766,49.2413215637207,67740800
2019-07-03 00:00:00-04:00,50.81999969482422,51.11000061035156,50.67250061035156,51.102500915527344,49.649383544921875,45448000
2019-07-05 00:00:00-04:00,50.837501525878906,51.27000045776367,50.724998474121094,51.057498931884766,49.605655670166016,69062000
2019-07-08 00:00:00-04:00,50.20249938964844,50.349998474121094,49.602500915527344,50.005001068115234,48.58308792114258,101354400
2019-07-09 00:00:00-04:00,49.79999923706055,50.377498626708984,49.70249938964844,50.310001373291016,48.87942123413086,82312000
2019-07-10 00:00:00-04:00,50.462501525878906,50.932498931884766,50.38999938964844,50.807498931884766,49.36276626586914,71588400
2019-07-11 00:00:00-04:00,50.82749938964844,51.09749984741211,50.4275016784668,50.4375,49.0032844543457,80767200
2019-07-12 00:00:00-04:00,50.61249923706055,51.0,50.54999923706055,50.82500076293945,49.37976837158203,70380800
2019-07-15 00:00:00-04:00,51.022499084472656,51.467498779296875,51.0,51.3025016784668,49.84369659423828,67789600
2019-07-16 00:00:00-04:00,51.147499084472656,51.52750015258789,50.875,51.125,49.671241760253906,67467200
2019-07-17 00:00:00-04:00,51.01250076293945,51.272499084472656,50.817501068115234,50.837501525878906,49.39191436767578,56430000
2019-07-18 00:00:00-04:00,51.0,51.470001220703125,50.92499923706055,51.415000915527344,49.9529914855957,74162400
2019-07-19 00:00:00-04:00,51.4474983215332,51.625,50.59000015258789,50.647499084472656,49.207305908203125,83717200
2019-07-22 00:00:00-04:00,50.912498474121094,51.807498931884766,50.90250015258789,51.80500030517578,50.33190155029297,89111600
2019-07-23 00:00:00-04:00,52.1150016784668,52.227500915527344,51.8224983215332,52.209999084472656,50.72539138793945,73420800
2019-07-24 00:00:00-04:00,51.91749954223633,52.287498474121094,51.79249954223633,52.16749954223633,50.68409729003906,59966400
2019-07-25 00:00:00-04:00,52.22249984741211,52.310001373291016,51.682498931884766,51.755001068115234,50.2833251953125,55638400
2019-07-26 00:00:00-04:00,51.869998931884766,52.432498931884766,51.78499984741211,51.935001373291016,50.458213806152344,70475600
2019-07-29 00:00:00-04:00,52.1150016784668,52.65999984741211,52.11000061035156,52.41999816894531,50.929412841796875,86693600
2019-07-30 00:00:00-04:00,52.189998626708984,52.540000915527344,51.82749938964844,52.19499969482422,50.710819244384766,135742800
2019-07-31 00:00:00-04:00,54.10499954223633,55.342498779296875,52.82500076293945,53.2599983215332,51.74553680419922,277125600
2019-08-01 00:00:00-04:00,53.474998474121094,54.50749969482422,51.685001373291016,52.10749816894531,50.62580490112305,216071600
2019-08-02 00:00:00-04:00,51.38249969482422,51.60749816894531,50.407501220703125,51.005001068115234,49.554649353027344,163448400
2019-08-05 00:00:00-04:00,49.497501373291016,49.662498474121094,48.14500045776367,48.334999084472656,46.9605712890625,209572000
2019-08-06 00:00:00-04:00,49.07749938964844,49.51750183105469,48.5099983215332,49.25,47.849552154541016,143299200
2019-08-07 00:00:00-04:00,48.852500915527344,49.88999938964844,48.45500183105469,49.7599983215332,48.34505081176758,133457600
2019-08-08 00:00:00-04:00,50.04999923706055,50.88249969482422,49.84749984741211,50.85749816894531,49.411346435546875,108038000
2019-08-09 00:00:00-04:00,50.32500076293945,50.689998626708984,49.8224983215332,50.247501373291016,49.00418472290039,98478800
2019-08-12 00:00:00-04:00,49.904998779296875,50.51250076293945,49.787498474121094,50.119998931884766,48.87982940673828,89927600
2019-08-13 00:00:00-04:00,50.255001068115234,53.03499984741211,50.119998931884766,52.24250030517578,50.94981002807617,188874000
2019-08-14 00:00:00-04:00,50.790000915527344,51.61000061035156,50.647499084472656,50.6875,49.43329620361328,146189600
2019-08-15 00:00:00-04:00,50.8650016784668,51.28499984741211,49.91749954223633,50.435001373291016,49.18703079223633,108909600
2019-08-16 00:00:00-04:00,51.06999969482422,51.790000915527344,50.959999084472656,51.625,50.347591400146484,110481600
2019-08-19 00:00:00-04:00,52.654998779296875,53.182498931884766,52.50749969482422,52.587501525878906,51.286285400390625,97654400
2019-08-20 00:00:00-04:00,52.720001220703125,53.337501525878906,52.58000183105469,52.59000015258789,51.28871536254883,107537200
2019-08-21 00:00:00-04:00,53.247501373291016,53.412498474121094,52.900001525878906,53.15999984741211,51.84461212158203,86141600
2019-08-22 00:00:00-04:00,53.29750061035156,53.61000061035156,52.6875,53.1150016784668,51.80072784423828,89014800
2019-08-23 00:00:00-04:00,52.35749816894531,53.01250076293945,50.25,50.65999984741211,49.406471252441406,187272000
2019-08-26 00:00:00-04:00,51.46500015258789,51.79750061035156,51.26499938964844,51.622501373291016,50.345157623291016,104174400
2019-08-27 00:00:00-04:00,51.96500015258789,52.13750076293945,50.88249969482422,51.040000915527344,49.77707290649414,103493200
2019-08-28 00:00:00-04:00,51.025001525878906,51.43000030517578,50.83000183105469,51.38249969482422,50.11109924316406,63755200
2019-08-29 00:00:00-04:00,52.125,52.33000183105469,51.665000915527344,52.252498626708984,50.959564208984375,83962000
2019-08-30 00:00:00-04:00,52.540000915527344,52.61249923706055,51.79999923706055,52.185001373291016,50.89373779296875,84573600
2019-09-03 00:00:00-04:00,51.60749816894531,51.744998931884766,51.05500030517578,51.42499923706055,50.15254211425781,80092000
2019-09-04 00:00:00-04:00,52.09749984741211,52.369998931884766,51.83000183105469,52.29750061035156,51.00344467163086,76752400
2019-09-05 00:00:00-04:00,53.0,53.49250030517578,52.877498626708984,53.31999969482422,52.00065231323242,95654800
2019-09-06 00:00:00-04:00,53.51250076293945,53.60499954223633,53.127498626708984,53.314998626708984,51.99577331542969,77449200
2019-09-09 00:00:00-04:00,53.709999084472656,54.11000061035156,52.76750183105469,53.54249954223633,52.21764373779297,109237600
2019-09-10 00:00:00-04:00,53.46500015258789,54.19499969482422,52.9275016784668,54.17499923706055,52.834495544433594,127111600
2019-09-11 00:00:00-04:00,54.51750183105469,55.9275016784668,54.432498931884766,55.897499084472656,54.51436996459961,177158400
2019-09-12 00:00:00-04:00,56.20000076293945,56.60499954223633,55.71500015258789,55.772499084472656,54.3924674987793,128906800
2019-09-13 00:00:00-04:00,55.0,55.1974983215332,54.255001068115234,54.6875,53.334312438964844,159053200
2019-09-16 00:00:00-04:00,54.432498931884766,55.032501220703125,54.38999938964844,54.974998474121094,53.61469650268555,84632400
2019-09-17 00:00:00-04:00,54.9900016784668,55.20500183105469,54.779998779296875,55.17499923706055,53.80974578857422,73274800
2019-09-18 00:00:00-04:00,55.26499938964844,55.712501525878906,54.86000061035156,55.692501068115234,54.31444549560547,101360000
2019-09-19 00:00:00-04:00,55.502498626708984,55.939998626708984,55.092498779296875,55.2400016784668,53.87314987182617,88242400
2019-09-20 00:00:00-04:00,55.345001220703125,55.63999938964844,54.36750030517578,54.432498931884766,53.08562469482422,221652400
2019-09-23 00:00:00-04:00,54.73749923706055,54.959999084472656,54.412498474121094,54.68000030517578,53.32699966430664,76662000
2019-09-24 00:00:00-04:00,55.25749969482422,55.622501373291016,54.29750061035156,54.41999816894531,53.073429107666016,124763200
2019-09-25 00:00:00-04:00,54.63750076293945,55.375,54.28499984741211,55.25749969482422,53.89021301269531,87613600
2019-09-26 00:00:00-04:00,55.0,55.23500061035156,54.70750045776367,54.97249984741211,53.61225891113281,75334000
2019-09-27 00:00:00-04:00,55.1349983215332,55.2400016784668,54.31999969482422,54.70500183105469,53.35138702392578,101408000
2019-09-30 00:00:00-04:00,55.224998474121094,56.14500045776367,55.1974983215332,55.99250030517578,54.607017517089844,103909600
2019-10-01 00:00:00-04:00,56.26750183105469,57.05500030517578,56.04999923706055,56.147499084472656,54.7581901550293,139223200
2019-10-02 00:00:00-04:00,55.76499938964844,55.89500045776367,54.48249816894531,54.7400016784668,53.38551712036133,138449200
2019-10-03 00:00:00-04:00,54.60749816894531,55.2400016784668,53.782501220703125,55.20500183105469,53.839012145996094,114426000
2019-10-04 00:00:00-04:00,56.40999984741211,56.872501373291016,55.97249984741211,56.752498626708984,55.348209381103516,138478800
2019-10-07 00:00:00-04:00,56.567501068115234,57.48249816894531,56.459999084472656,56.76499938964844,55.36039733886719,122306000
2019-10-08 00:00:00-04:00,56.45500183105469,57.01499938964844,56.08250045776367,56.099998474121094,54.71186065673828,111820000
2019-10-09 00:00:00-04:00,56.75749969482422,56.9474983215332,56.40999984741211,56.75749969482422,55.353092193603516,74770400
2019-10-10 00:00:00-04:00,56.98249816894531,57.61000061035156,56.82500076293945,57.522499084472656,56.099159240722656,113013600
2019-10-11 00:00:00-04:00,58.23749923706055,59.40999984741211,58.07749938964844,59.0525016784668,57.59130096435547,166795600
2019-10-14 00:00:00-04:00,58.724998474121094,59.532501220703125,58.66749954223633,58.967498779296875,57.50840759277344,96427600
2019-10-15 00:00:00-04:00,59.09749984741211,59.412498474121094,58.720001220703125,58.83000183105469,57.37430953979492,87360000
2019-10-16 00:00:00-04:00,58.342498779296875,58.810001373291016,58.29999923706055,58.592498779296875,57.1426887512207,73903200
2019-10-17 00:00:00-04:00,58.772499084472656,59.037498474121094,58.380001068115234,58.81999969482422,57.36455535888672,67585200
2019-10-18 00:00:00-04:00,58.647499084472656,59.39500045776367,58.5724983215332,59.102500915527344,57.64006423950195,97433600
2019-10-21 00:00:00-04:00,59.380001068115234,60.247501373291016,59.33000183105469,60.127498626708984,58.63970184326172,87247200
2019-10-22 00:00:00-04:00,60.290000915527344,60.54999923706055,59.904998779296875,59.9900016784668,58.505611419677734,82293600
2019-10-23 00:00:00-04:00,60.525001525878906,60.810001373291016,60.30500030517578,60.79499816894531,59.290687561035156,75828800
2019-10-24 00:00:00-04:00,61.127498626708984,61.20000076293945,60.45249938964844,60.89500045776367,59.388214111328125,69275200
2019-10-25 00:00:00-04:00,60.790000915527344,61.682498931884766,60.720001220703125,61.64500045776367,60.119651794433594,73477200
2019-10-28 00:00:00-04:00,61.85499954223633,62.3125,61.68000030517578,62.26250076293945,60.72187805175781,96572800
2019-10-29 00:00:00-04:00,62.24250030517578,62.4375,60.64250183105469,60.8224983215332,59.3175163269043,142839600
2019-10-30 00:00:00-04:00,61.189998626708984,61.32500076293945,60.3025016784668,60.814998626708984,59.31019592285156,124522000
2019-10-31 00:00:00-04:00,61.810001373291016,62.29249954223633,59.314998626708984,62.189998626708984,60.65117263793945,139162000
2019-11-01 00:00:00-04:00,62.3849983215332,63.98249816894531,62.290000915527344,63.95500183105469,62.37249755859375,151125200
2019-11-04 00:00:00-05:00,64.3324966430664,64.4625015258789,63.845001220703125,64.375,62.78211212158203,103272000
2019-11-05 00:00:00-05:00,64.26249694824219,64.54750061035156,64.08000183105469,64.28250122070312,62.69190216064453,79897600
2019-11-06 00:00:00-05:00,64.19249725341797,64.37249755859375,63.842498779296875,64.30999755859375,62.71871566772461,75864400
2019-11-07 00:00:00-05:00,64.68499755859375,65.0875015258789,64.52749633789062,64.85749816894531,63.44256591796875,94940400
2019-11-08 00:00:00-05:00,64.67250061035156,65.11000061035156,64.2125015258789,65.03500366210938,63.6161994934082,69986400
2019-11-11 00:00:00-05:00,64.57499694824219,65.61750030517578,64.56999969482422,65.55000305175781,64.11996459960938,81821200
2019-11-12 00:00:00-05:00,65.38749694824219,65.69750213623047,65.2300033569336,65.48999786376953,64.06127166748047,87388800
2019-11-13 00:00:00-05:00,65.28250122070312,66.19499969482422,65.26750183105469,66.11750030517578,64.67507934570312,102734400
2019-11-14 00:00:00-05:00,65.9375,66.22000122070312,65.5250015258789,65.66000366210938,64.22757720947266,89182800
2019-11-15 00:00:00-05:00,65.91999816894531,66.44499969482422,65.75250244140625,66.44000244140625,64.99056243896484,100206400
2019-11-18 00:00:00-05:00,66.44999694824219,66.85749816894531,66.05750274658203,66.7750015258789,65.3182373046875,86703200
2019-11-19 00:00:00-05:00,66.9749984741211,67.0,66.34750366210938,66.57250213623047,65.12016296386719,76167200
2019-11-20 00:00:00-05:00,66.38500213623047,66.5199966430664,65.0999984741211,65.79750061035156,64.3620834350586,106234400
2019-11-21 00:00:00-05:00,65.92250061035156,66.00250244140625,65.29499816894531,65.50250244140625,64.07347869873047,121395200
2019-11-22 00:00:00-05:00,65.64749908447266,65.79499816894531,65.20999908447266,65.44499969482422,64.01725769042969,65325200
2019-11-25 00:00:00-05:00,65.67749786376953,66.61000061035156,65.62999725341797,66.59249877929688,65.13973999023438,84020400
2019-11-26 00:00:00-05:00,66.73500061035156,66.79000091552734,65.625,66.07250213623047,64.63106536865234,105207600
2019-11-27 00:00:00-05:00,66.3949966430664,66.99500274658203,66.32749938964844,66.95999908447266,65.49920654296875,65235600
2019-11-29 00:00:00-05:00,66.6500015258789,67.0,66.4749984741211,66.8125,65.35491943359375,46617600
2019-12-02 00:00:00-05:00,66.81749725341797,67.0625,65.86250305175781,66.04000091552734,64.5992660522461,94487200
2019-12-03 00:00:00-05:00,64.57749938964844,64.88249969482422,64.07250213623047,64.86250305175781,63.44745635986328,114430400
2019-12-04 00:00:00-05:00,65.26750183105469,65.82749938964844,65.16999816894531,65.43499755859375,64.00748443603516,67181600
2019-12-05 00:00:00-05:00,65.94750213623047,66.47250366210938,65.68250274658203,66.3949966430664,64.9465103149414,74424400
2019-12-06 00:00:00-05:00,66.87000274658203,67.75,66.82499694824219,67.67749786376953,66.20103454589844,106075600
2019-12-09 00:00:00-05:00,67.5,67.69999694824219,66.22750091552734,66.7300033569336,65.27422332763672,128042400
2019-12-10 00:00:00-05:00,67.1500015258789,67.51750183105469,66.46499633789062,67.12000274658203,65.65571594238281,90420400
2019-12-11 00:00:00-05:00,67.20249938964844,67.7750015258789,67.125,67.69249725341797,66.21571350097656,78756800
2019-12-12 00:00:00-05:00,66.94499969482422,68.13999938964844,66.83000183105469,67.86499786376953,66.38446044921875,137310400
2019-12-13 00:00:00-05:00,67.86499786376953,68.82499694824219,67.73249816894531,68.7874984741211,67.28683471679688,133587600
2019-12-16 00:00:00-05:00,69.25,70.19750213623047,69.24500274658203,69.96499633789062,68.43863677978516,128186000
2019-12-17 00:00:00-05:00,69.89250183105469,70.44249725341797,69.69999694824219,70.10250091552734,68.57315063476562,114158400
2019-12-18 00:00:00-05:00,69.94999694824219,70.4749984741211,69.77999877929688,69.93499755859375,68.4093017578125,116028400
2019-12-19 00:00:00-05:00,69.875,70.29499816894531,69.73750305175781,70.00499725341797,68.47776794433594,98369200
2019-12-20 00:00:00-05:00,70.55750274658203,70.6624984741211,69.63999938964844,69.86000061035156,68.33592987060547,275978000
2019-12-23 00:00:00-05:00,70.13249969482422,71.0625,70.09249877929688,71.0,69.4510498046875,98572000
2019-12-24 00:00:00-05:00,71.17250061035156,71.22250366210938,70.7300033569336,71.06749725341797,69.51708984375,48478800
2019-12-26 00:00:00-05:00,71.20500183105469,72.49500274658203,71.17500305175781,72.47750091552734,70.89633178710938,93121200
2019-12-27 00:00:00-05:00,72.77999877929688,73.49250030517578,72.02999877929688,72.44999694824219,70.86943054199219,146266000
2019-12-30 00:00:00-05:00,72.36499786376953,73.17250061035156,71.30500030517578,72.87999725341797,71.29005432128906,144114400
2019-12-31 00:00:00-05:00,72.48249816894531,73.41999816894531,72.37999725341797,73.4124984741211,71.81092071533203,100805600
